234,235,0,95,7,80,82,81,80,81,25,0,234,235,101,102
236,237,47,7,8,224,225,226,227,228,24,25,236,237,47,0
0,0,95,3,48,229,230,231,232,233,49,17,95,0,234,235
0,234,235,2,48,48,49,48,49,48,49,17,234,235,236,237
0,236,237,3,49,48,48,49,49,48,48,17,236,237,0,0
0,0,95,3,48,49,49,49,49,49,49,17,0,234,235,47
0,0,47,2,48,49,48,48,49,49,48,17,0,236,237,0
0,101,102,2,48,49,49,49,49,49,48,17,95,0,234,235
0,238,0,1,48,49,49,48,49,48,49,17,234,235,236,237
0,234,235,3,49,48,49,48,49,48,48,17,236,237,0,0
95,236,237,1,49,49,49,49,48,49,48,17,0,234,235,47
0,234,235,3,48,49,48,49,48,48,49,17,0,236,237,0
0,236,237,1,48,48,48,49,48,49,49,19,47,95,238,0
0,238,47,241,48,48,48,49,48,49,49,249,95,158,159,47
0,0,47,242,243,244,245,246,247,244,243,248,0,174,175,0
0,95,0,242,48,49,49,48,48,49,48,248,47,0,238,0
0,234,235,242,61,62,62,62,62,62,61,248,0,0,0,0
0,236,237,2,48,49,49,49,48,49,48,17,95,0,234,235
0,0,95,3,48,49,48,49,48,48,48,17,234,235,236,237
0,0,47,2,48,49,49,49,49,49,48,17,236,237,0,0
0,101,102,2,48,49,49,96,97,49,48,17,0,234,235,47
0,238,0,1,48,49,48,100,100,48,48,17,0,236,237,0
0,234,235,3,48,49,48,98,99,49,48,19,47,95,238,0
95,236,237,1,48,48,48,48,48,48,48,19,0,0,0,0
0,234,235,3,48,49,48,48,48,48,48,18,234,235,47,0
0,236,237,1,48,48,48,48,48,48,48,17,236,237,95,0
234,235,0,3,48,49,48,48,48,48,48,19,0,0,0,0
236,237,47,2,48,48,48,48,48,48,48,19,101,102,234,235
234,235,95,1,53,54,48,48,48,48,48,18,47,0,236,237
236,237,0,3,55,56,48,48,48,48,48,17,95,0,0,0
101,102,238,1,48,48,48,48,48,48,48,19,234,235,0,0
0,0,47,3,48,48,48,48,48,48,48,17,236,237,101,102
0,234,235,1,48,48,48,48,48,48,48,19,238,0,0,0
0,236,237,3,48,48,48,48,48,48,48,19,234,235,238,0
47,101,102,2,48,48,48,48,48,48,48,18,236,237,0,0
95,0,238,2,48,48,48,48,48,48,48,19,0,0,0,0
0,234,235,1,48,48,48,48,48,48,48,19,101,102,234,235
0,236,237,3,48,48,48,48,48,48,48,18,238,0,236,237
0,101,102,1,48,48,48,48,37,38,39,17,101,102,0,0
0,0,47,3,48,32,33,34,40,41,42,19,0,0,95,0
0,238,0,1,48,48,48,48,48,48,48,17,234,235,0,0
234,235,0,3,48,48,48,48,48,48,48,19,236,237,0,0
236,237,0,1,48,48,48,48,48,48,48,19,0,95,0,0
0,101,102,2,48,48,48,48,48,48,48,19,47,0,238,0
0,0,0,2,48,48,48,48,48,48,48,19,234,235,238,0
0,234,235,1,48,48,48,48,48,48,48,19,236,237,0,0
0,236,237,3,48,48,48,48,48,48,48,18,47,0,238,0
0,47,0,1,48,48,48,48,48,48,48,17,0,0,0,0
0,0,238,3,53,54,48,48,48,96,97,19,101,102,0,238
0,0,0,1,55,56,48,48,48,100,100,17,0,0,0,0
0,101,102,3,48,48,48,48,48,98,99,19,95,238,238,0
0,0,238,13,14,48,48,48,48,48,30,31,101,102,238,0
0,0,0,47,13,15,48,48,48,29,31,95,0,0,0,0
0,234,235,0,0,2,48,48,48,19,0,238,238,0,0,0
0,236,237,238,238,1,48,48,48,19,234,235,0,0,0,0
0,0,0,0,47,2,48,48,48,19,236,237,0,0,0,0
0,0,0,95,238,1,48,48,48,18,0,0,0,0,0,0
0,0,0,0,47,3,48,48,48,17,101,102,0,0,0,0
0,0,0,95,0,1,48,48,48,19,47,0,238,0,0,0
0,0,234,235,0,3,48,48,48,17,0,0,0,0,0,0
0,0,236,237,0,1,48,48,48,19,234,235,0,101,102,0
0,0,0,47,0,3,48,48,48,19,236,237,238,0,0,0
0,0,0,0,0,2,48,48,48,19,0,0,0,0,0,0
0,0,0,95,0,2,37,38,39,19,47,0,0,0,0,0
0,0,0,234,235,1,40,41,42,19,0,234,235,0,0,0
0,0,0,236,237,3,48,48,48,18,0,236,237,238,0,0
0,0,0,95,0,1,48,48,48,17,47,0,0,0,0,0
0,0,0,0,47,3,48,48,48,19,0,0,95,0,0,0
0,0,0,101,102,1,48,48,48,17,101,102,0,234,235,0
0,0,0,0,0,3,48,48,48,19,0,0,238,236,237,0
0,0,0,0,95,13,14,48,48,23,25,47,0,0,0,0
0,0,0,0,0,238,13,15,48,48,24,25,0,95,0,0
0,0,234,235,101,102,0,13,14,48,48,23,25,0,0,0
0,0,236,237,0,0,47,0,13,15,48,48,24,25,101,102
0,0,0,0,0,238,0,0,0,2,48,48,48,19,101,102
0,0,0,0,0,0,0,234,235,2,48,48,48,19,238,0
0,0,0,0,0,0,0,236,237,1,48,48,48,19,0,0
0,0,0,0,0,0,0,0,0,3,48,48,48,18,0,0
0,0,0,0,0,0,47,101,102,1,48,48,48,17,234,235
0,0,0,0,0,0,0,47,0,3,48,48,48,19,236,237
0,0,0,0,0,0,95,0,0,1,48,48,48,17,0,95
0,0,0,0,0,0,0,234,235,3,48,48,48,19,47,0
0,0,0,0,0,0,0,236,237,2,48,48,48,19,0,47
0,0,0,0,0,0,0,95,0,2,48,48,48,19,0,47
0,0,0,0,101,102,0,0,47,2,48,48,48,18,0,0
0,0,0,0,0,0,234,235,0,1,48,48,48,17,234,235
0,0,0,0,0,0,236,237,47,3,48,48,48,19,236,237
0,0,0,0,0,0,47,0,238,1,48,48,48,17,0,238
0,0,0,0,0,47,238,0,0,3,48,48,48,19,47,0
0,0,0,47,47,0,0,101,102,1,48,48,48,19,238,0
0,0,0,0,0,0,0,0,0,3,48,48,48,17,47,0
0,0,0,47,0,234,235,0,7,8,48,48,48,19,95,0
0,0,0,47,0,236,237,7,9,48,48,48,30,31,0,0
0,234,235,238,47,0,7,8,48,48,48,29,31,234,235,0
0,236,237,0,0,7,9,48,48,48,30,31,0,236,237,0
0,0,0,0,7,8,48,48,48,29,31,0,47,0,0,0
234,235,0,7,9,48,48,48,30,31,0,95,238,0,0,0
236,237,7,8,48,48,48,29,31,234,235,0,47,0,0,0
0,7,9,48,48,48,30,31,0,236,237,0,0,0,0,0
7,8,48,48,48,29,31,0,0,47,0,238,0,101,102,0
13,14,48,48,48,23,25,101,102,0,47,0,0,0,0,0
238,13,15,48,48,48,24,25,0,0,0,0,0,0,0,0
47,47,13,14,48,48,48,23,25,238,101,102,0,238,0,0
0,0,0,13,15,48,48,48,24,25,0,0,0,0,0,0
89,89,89,89,91,89,89,89,89,93,89,89,89,89,89,89
90,90,90,90,92,90,90,90,90,94,90,90,90,90,90,90
90,90,90,90,92,90,90,90,90,94,90,90,90,90,90,90
90,90,90,90,92,90,90,90,90,94,90,90,90,90,90,90
90,90,90,90,92,90,90,90,90,94,90,90,90,90,90,90
89,89,89,89,91,89,89,89,89,93,89,89,89,89,89,89
0,0,47,0,3,48,48,48,48,18,238,0,101,102,0,0
0,0,158,159,2,48,48,48,48,19,0,95,0,0,238,0
0,238,174,175,1,48,48,48,48,19,234,235,0,47,0,0
0,0,0,47,3,48,48,48,48,19,236,237,0,160,161,162
0,47,238,0,1,48,48,48,48,18,0,0,0,163,164,165
0,160,161,162,3,48,48,48,48,17,160,161,162,0,166,0
0,163,164,165,1,48,48,48,48,19,163,164,165,0,0,0
0,0,166,0,3,53,54,48,48,17,0,166,160,161,162,0
0,160,161,162,3,55,56,48,48,23,25,0,163,164,165,0
0,163,164,165,13,15,48,48,48,48,24,25,0,166,0,0
152,0,166,0,0,13,14,48,48,48,48,23,25,0,0,0
154,151,152,0,0,0,13,15,48,48,48,48,24,25,0,0
154,153,154,151,152,0,0,13,14,48,48,48,48,23,25,0
154,153,154,153,154,151,152,0,13,15,48,48,48,48,24,25
154,153,154,153,154,153,154,157,0,2,48,48,48,96,97,19
154,153,154,153,154,153,154,157,0,1,48,48,48,100,100,19
154,153,154,153,154,153,154,157,0,3,48,48,48,98,99,18
154,153,154,153,154,153,154,157,0,1,48,48,48,48,48,17
154,153,154,153,154,153,154,157,0,3,48,48,48,48,48,19
154,153,154,153,154,153,154,157,0,1,48,48,48,48,48,17
154,153,154,153,154,153,154,157,0,3,48,48,48,48,48,19
154,153,154,153,154,153,154,157,0,250,48,48,49,49,48,19
154,153,154,153,154,153,154,157,0,251,37,38,39,49,48,18
154,153,154,153,154,153,154,157,0,251,40,41,42,48,48,17
154,153,154,153,154,153,154,157,0,252,48,49,49,48,48,19
156,153,154,153,154,153,154,157,0,250,48,48,48,49,48,17
0,155,156,153,154,153,154,157,0,251,48,48,48,49,48,19
0,0,0,155,156,153,154,157,0,240,48,49,49,208,209,31
0,0,0,0,0,155,156,157,219,220,49,48,208,210,31,0
0,160,161,162,0,0,0,240,218,49,49,208,211,31,0,0
0,163,164,165,0,0,219,220,49,49,208,210,31,0,0,0
0,0,166,0,0,217,218,49,49,49,211,31,160,161,162,0
0,0,0,0,240,218,49,49,208,209,31,0,163,164,165,0
0,0,0,219,220,49,49,208,210,31,0,0,0,166,0,149
0,0,217,218,48,49,49,211,31,0,0,0,0,149,150,147
0,0,1,48,48,48,48,17,0,0,0,149,150,147,148,147
0,0,1,48,48,48,48,17,0,0,144,147,148,147,148,147
0,0,1,48,48,48,48,17,0,0,144,147,148,147,148,147
0,0,1,43,44,49,49,17,0,0,144,147,148,147,148,147
0,0,1,45,46,49,49,212,0,0,144,147,148,147,148,147
0,0,13,221,222,49,48,213,214,0,144,147,148,147,148,147
0,0,0,13,223,222,48,49,215,216,144,147,148,147,148,147
160,161,162,0,13,239,49,48,48,17,144,147,148,147,148,147
163,164,165,0,0,2,48,49,48,17,144,147,148,147,148,147
0,166,0,0,7,8,49,48,48,17,144,147,148,147,148,147
0,0,0,240,218,49,49,208,211,31,144,147,148,147,148,147
0,0,219,220,49,49,208,210,31,0,144,147,148,147,148,147
0,217,218,49,49,49,211,31,0,0,144,147,148,147,148,145
0,2,48,48,49,49,17,0,0,0,144,147,148,145,146,0
0,13,221,222,49,49,23,212,0,0,144,145,146,0,0,0
0,0,13,223,222,48,48,213,214,0,0,0,0,0,0,0
0,0,0,13,239,222,48,49,215,214,0,0,160,161,162,0
151,152,0,0,13,223,222,48,48,213,214,0,163,164,165,0
153,154,151,152,0,13,239,48,48,49,215,216,0,166,0,0
153,154,153,154,157,0,1,48,48,43,44,17,0,160,161,162
153,154,153,154,157,0,1,48,48,45,46,17,0,163,164,165
153,154,153,154,157,0,1,48,48,48,48,17,0,0,166,0
153,154,153,154,157,0,250,49,49,49,49,253,160,161,162,0
153,154,153,154,157,0,250,49,49,49,49,253,163,164,165,0
153,154,153,154,157,0,251,49,49,49,49,254,0,166,0,0
153,154,153,154,157,0,251,49,49,49,48,254,0,160,161,162
153,154,153,154,157,0,252,49,49,49,48,255,0,163,164,165
153,154,153,154,157,0,250,49,49,49,49,253,0,0,166,0
153,154,153,154,157,0,251,49,49,49,49,254,160,161,162,0
153,154,153,154,157,0,251,49,49,49,48,254,163,164,165,0
153,154,153,154,157,0,252,49,53,54,48,255,0,166,0,0
153,154,153,154,157,0,251,49,55,56,49,254,0,160,161,162
155,156,153,154,157,0,250,49,49,49,49,253,0,163,164,165
0,0,155,156,157,0,251,49,49,49,49,254,0,0,166,0
0,160,161,162,0,0,251,49,49,49,48,254,160,161,162,0
0,163,164,165,0,0,252,49,49,49,49,253,163,164,165,0
0,0,166,0,0,0,251,49,49,49,49,254,0,166,0,0
0,0,0,0,0,0,250,49,37,38,39,254,0,0,0,0
0,160,161,162,0,0,251,49,40,41,42,253,0,160,161,162
0,163,164,165,0,0,251,49,49,49,49,254,0,163,164,165
0,0,166,0,0,0,251,49,49,49,48,254,0,0,166,0
0,0,0,0,0,0,252,49,49,49,48,255,0,0,0,0
0,160,161,162,0,0,1,48,48,48,48,17,0,0,0,0
0,163,164,165,0,0,1,48,48,48,48,17,0,0,0,0
0,0,166,0,0,240,218,49,49,208,209,31,0,0,0,0
0,0,0,0,219,220,49,49,208,210,31,0,0,149,150,147
0,0,0,240,218,49,49,208,211,31,0,149,150,147,148,147
0,0,219,220,49,49,208,210,31,0,144,147,148,147,148,147
0,217,218,49,49,49,211,31,0,0,144,147,148,147,148,147
0,1,43,44,48,48,17,0,0,0,144,147,148,147,148,147
0,1,45,46,49,48,17,0,0,0,144,147,148,147,148,145
0,13,221,222,49,48,23,212,0,0,144,147,148,145,146,0
0,0,13,223,222,48,48,213,214,0,144,145,146,0,0,0
0,0,0,13,239,222,49,49,215,212,0,0,0,0,0,0
0,0,0,0,13,223,222,49,49,213,214,0,0,0,0,0
151,152,0,0,0,13,239,222,49,49,215,212,0,0,0,0
153,154,151,152,0,0,13,223,222,49,49,213,214,0,0,0
153,154,153,154,157,0,0,13,221,222,49,49,215,212,0,0
153,154,153,154,157,0,0,0,13,223,222,48,48,213,214,0
153,154,153,154,157,0,0,0,0,13,239,48,48,49,215,216
153,154,153,154,157,0,160,161,162,0,251,48,48,49,48,254
153,154,153,154,157,0,163,164,165,0,250,49,48,49,49,253
153,154,153,154,157,0,0,166,0,0,251,49,49,53,54,254
153,154,153,154,157,0,0,0,0,0,251,49,49,55,56,254
153,154,153,154,157,0,160,161,162,0,250,49,49,48,49,253
153,154,153,154,157,0,163,164,165,0,1,49,49,48,48,17
153,154,153,154,157,0,0,166,0,0,1,49,48,48,48,17
153,154,153,154,157,0,0,0,0,240,218,49,49,208,209,31
153,154,153,154,157,0,0,0,219,220,49,49,208,210,31,0
153,154,153,154,157,0,0,240,218,49,49,208,211,31,0,0
153,154,153,154,157,0,219,220,49,49,208,210,31,0,0,0
153,154,153,154,157,217,218,49,49,49,211,31,160,161,162,0
153,154,153,154,157,1,49,49,49,49,19,0,163,164,165,0
153,154,153,154,157,250,49,49,49,49,253,0,0,166,0,0
153,154,153,154,157,251,49,49,49,49,254,0,0,160,161,162
153,154,153,154,157,251,49,49,49,48,254,0,0,163,164,165
153,154,153,154,157,252,43,44,49,48,255,0,0,0,166,0
153,154,153,154,157,251,45,46,49,49,254,160,161,162,0,0
153,154,153,154,157,251,49,49,49,48,254,163,164,165,0,0
153,154,153,154,157,252,49,49,49,48,255,0,166,0,0,0
153,154,153,154,157,251,49,37,38,39,254,0,0,160,161,162
153,154,153,154,157,251,49,40,41,42,254,0,0,163,164,165
153,154,153,154,157,252,49,49,49,48,255,0,0,0,166,0
153,154,153,154,157,251,49,49,49,49,254,160,161,162,0,0
155,156,153,154,157,251,49,49,49,48,254,163,164,165,0,0
0,0,155,156,157,252,49,49,49,48,255,0,166,0,0,0
0,0,0,0,0,1,49,49,49,49,18,0,0,0,149,150
0,0,0,0,240,218,49,49,208,209,31,0,149,150,147,148
0,0,0,219,220,49,49,208,210,31,149,150,147,148,147,148
0,0,240,218,49,49,208,209,31,144,147,148,147,148,147,148
0,219,220,49,49,208,210,31,0,144,147,148,147,148,147,148
217,218,49,49,49,211,31,0,0,144,147,148,147,148,147,148
251,49,49,49,48,254,0,0,0,144,147,148,147,148,147,148
252,49,49,49,48,255,0,0,0,144,147,148,147,148,147,148
251,49,49,49,49,254,0,0,0,144,147,148,147,148,147,148
251,49,49,49,48,254,0,0,0,144,147,148,147,148,147,148
252,53,54,49,48,255,0,0,0,144,147,148,147,148,147,148
251,55,56,49,49,254,0,0,0,144,147,148,147,148,147,148
251,48,49,49,48,254,0,0,0,144,147,148,147,148,147,148
252,48,48,49,49,255,0,0,0,144,147,148,147,148,145,146
2,48,48,49,49,17,0,0,0,144,147,148,145,146,0,0
2,48,48,49,49,17,0,0,0,144,145,146,0,0,0,0
2,48,48,48,48,17,0,0,0,0,0,0,0,0,0,0
13,221,222,48,48,23,212,0,0,0,0,0,0,0,0,0
0,13,223,222,48,48,213,214,0,0,0,0,0,0,0,0
0,0,13,239,222,49,48,215,212,0,0,0,0,0,0,0
160,161,162,13,223,222,49,48,213,214,0,0,0,0,0,0
163,164,165,0,13,239,222,49,49,215,212,0,0,0,0,0
0,166,0,0,0,13,223,222,49,49,213,214,0,0,0,0
0,0,0,160,161,162,13,239,222,49,49,215,212,0,0,0
0,0,0,163,164,165,0,13,223,222,48,49,213,214,0,0
0,0,0,0,166,0,0,0,13,239,48,48,49,215,216,0
0,0,0,0,0,160,161,162,0,1,48,48,48,48,17,0
160,161,162,0,0,163,164,165,0,1,48,48,48,48,17,0
163,164,165,0,0,0,166,0,0,252,48,48,48,48,255,0
0,166,160,161,162,0,0,0,0,251,48,48,48,48,254,0
0,0,163,164,165,0,160,161,162,251,48,48,48,48,254,0
0,0,0,166,0,0,163,164,165,252,48,48,43,44,255,0
0,160,161,162,0,0,0,166,0,251,48,48,45,46,254,0
0,163,164,165,0,0,0,0,0,251,48,48,48,48,254,0
0,0,166,0,0,0,0,0,0,252,48,48,48,48,255,0
160,161,162,0,0,160,161,162,0,251,48,48,48,48,254,0
163,164,165,0,0,163,164,165,0,251,48,48,48,48,254,0
0,166,0,0,0,0,166,0,0,252,48,48,48,48,255,0
0,0,0,160,161,162,0,0,0,1,48,48,48,48,17,0
0,0,0,163,164,165,0,0,240,218,48,49,208,209,31,0
0,0,0,0,166,0,0,219,220,49,48,208,210,31,0,0
0,160,161,162,0,0,240,218,48,49,208,211,31,0,0,0
0,163,164,165,0,219,220,49,48,208,210,31,0,0,0,0
0,0,166,0,240,218,49,49,208,211,31,0,0,0,0,0
0,0,0,219,220,49,49,208,210,31,0,0,0,0,0,0
0,0,240,218,49,49,208,211,31,0,128,129,130,131,132,0
0,219,220,49,49,208,210,31,0,0,133,134,135,136,137,0
217,218,49,49,49,211,31,0,0,0,138,139,140,141,142,0
13,221,222,49,48,23,212,0,0,0,0,0,0,0,0,0
0,13,223,222,48,49,213,214,0,0,0,0,0,0,0,0
0,0,13,239,222,49,49,215,214,0,0,0,0,0,0,0
0,0,0,13,223,222,49,49,213,214,0,0,0,0,0,0
0,0,0,0,13,239,49,49,49,215,216,0,0,0,0,0
0,0,0,0,0,2,49,49,49,49,19,0,0,0,0,0
143,0,0,0,0,2,49,49,49,49,18,0,0,0,0,0
128,129,130,131,132,2,49,49,49,48,19,0,0,0,0,0
133,134,135,136,137,3,49,49,48,48,18,0,0,0,0,0
138,139,140,141,142,1,49,49,48,48,19,0,0,0,143,143
0,143,0,0,105,2,49,49,48,49,18,105,0,143,0,0
0,0,0,0,0,2,49,49,49,49,17,0,0,143,0,0
0,0,0,143,143,3,37,38,39,49,19,0,0,0,0,0
0,0,0,143,0,3,40,41,42,49,18,0,143,0,0,0
0,0,0,143,0,3,49,49,49,49,17,0,143,0,0,0
0,0,0,0,0,2,49,49,49,49,19,0,0,0,0,0
0,0,0,143,0,3,49,49,49,49,17,0,143,0,143,0
0,0,0,143,0,1,48,49,49,49,19,0,0,0,143,0
0,0,0,0,0,2,48,49,49,49,19,0,0,0,0,0
0,0,143,0,0,2,48,48,49,49,18,0,0,143,0,0
0,0,143,143,0,2,48,48,49,49,17,0,143,0,0,0
0,0,0,143,0,3,48,48,49,49,19,0,0,0,0,0
0,0,143,0,0,2,48,49,49,49,17,0,143,0,0,0
0,0,0,0,0,3,48,49,49,49,19,143,0,0,0,0
0,143,0,0,143,1,48,49,49,49,19,0,0,143,0,0
0,143,0,0,143,2,49,48,49,49,18,0,143,0,143,0
0,0,0,0,143,2,49,48,49,49,17,0,0,0,0,0
0,0,0,143,0,2,49,48,49,49,19,143,0,0,143,0
0,0,143,143,0,3,49,48,49,49,17,143,0,0,0,0
0,0,0,0,0,2,49,48,49,49,19,143,0,0,143,0
0,0,0,143,143,3,49,48,48,48,18,0,0,0,0,0
0,143,143,0,0,1,49,48,48,48,17,143,0,0,0,0
0,0,0,0,0,2,49,43,44,49,19,0,0,0,0,0
0,0,0,0,0,2,49,45,46,49,17,0,143,143,143,0
0,0,0,0,0,2,49,49,49,49,19,0,0,0,0,0
105,0,143,105,0,2,49,49,49,49,19,143,0,0,105,0
176,176,176,176,176,177,178,179,179,180,181,176,176,176,176,176
191,191,191,191,191,191,182,183,183,184,191,191,191,191,191,191
191,191,191,191,191,191,182,183,183,184,191,191,191,191,191,191
191,191,191,191,191,191,182,183,183,184,191,191,191,191,191,191
191,191,191,191,191,191,182,183,183,184,191,191,191,191,191,191
191,191,191,191,191,191,182,183,183,184,191,191,191,191,191,191
191,191,191,191,191,191,182,183,183,184,191,191,191,191,191,191
191,191,191,191,191,191,182,183,183,184,191,191,191,191,191,191
191,191,191,191,191,191,182,183,183,184,191,191,191,191,191,191
191,191,191,191,191,191,182,183,183,184,191,191,191,191,191,191
191,191,191,191,191,191,182,183,183,184,191,191,191,191,191,191
191,191,191,191,191,191,182,183,183,184,191,191,191,191,191,191
185,185,185,185,185,186,187,188,188,189,190,185,185,185,185,185
105,0,143,143,143,3,49,49,49,49,18,105,143,143,143,0
0,0,0,0,0,2,49,48,49,49,19,0,0,0,0,0
0,0,105,105,0,3,48,48,49,49,18,0,0,105,0,143
143,0,0,0,0,1,48,48,49,49,18,143,0,0,0,0
0,0,0,143,0,2,48,48,49,49,19,0,0,0,0,0
0,0,105,0,143,2,49,49,49,49,18,143,0,105,0,143
105,0,0,143,0,2,49,49,49,49,17,0,0,0,0,0
0,0,143,0,0,3,49,49,49,49,18,0,143,0,0,0
0,0,0,0,0,1,49,49,49,49,19,0,0,0,143,0
0,143,143,105,0,2,49,37,38,39,18,0,0,0,0,0
143,0,0,0,0,2,49,40,41,42,17,0,143,0,143,143
0,0,85,86,0,2,49,49,49,49,19,0,0,143,0,0
83,0,0,0,0,1,49,48,48,49,19,84,0,83,143,0
0,143,143,105,0,2,49,49,49,49,18,0,0,0,0,0
143,0,0,83,0,2,49,49,49,49,20,0,143,0,143,143
0,0,143,0,0,2,49,49,49,49,21,22,83,143,0,0
0,0,85,86,0,6,49,49,49,49,49,20,0,0,84,0
0,105,0,57,4,5,49,49,49,49,49,21,22,143,0,0
0,0,84,0,6,49,49,49,27,11,49,49,20,0,0,143
143,0,84,4,5,49,49,49,26,12,49,49,21,22,83,0
0,84,0,6,48,48,49,27,28,10,11,49,49,20,0,0
84,0,4,5,48,48,49,26,84,0,12,49,49,21,22,84
0,7,9,48,48,48,30,31,0,0,2,49,49,49,19,0
7,8,48,48,48,29,31,83,0,7,9,48,48,30,31,0
2,97,48,48,29,31,57,0,7,8,48,48,29,31,0,84
1,100,48,48,19,0,0,7,9,48,48,30,31,0,0,0
3,99,48,48,18,85,86,1,48,48,48,17,0,85,86,57
1,48,48,48,17,0,0,13,14,48,48,23,25,0,0,0
3,48,48,48,19,84,0,0,13,15,48,48,24,25,84,0
1,48,48,48,18,84,84,0,57,13,14,48,48,23,25,0
3,48,48,48,17,0,0,0,0,0,13,15,48,48,24,25
3,48,48,48,19,0,84,85,86,84,0,2,48,48,48,19
1,48,48,48,17,0,84,84,57,0,0,1,48,48,48,18
3,48,48,48,19,57,0,0,84,0,0,2,48,48,48,17
13,14,48,48,23,25,0,83,0,0,83,2,53,54,48,19
0,13,15,48,48,24,25,0,85,86,83,1,55,56,48,19
83,0,13,14,48,48,23,25,0,57,83,3,48,48,48,18
0,84,84,13,15,48,48,24,25,0,84,1,48,48,48,17
0,0,84,0,13,14,48,48,23,25,0,3,48,48,48,19
0,57,0,84,0,13,15,48,48,24,25,1,48,48,48,17
0,85,86,83,0,7,9,48,48,30,31,3,48,48,48,19
0,0,0,0,7,8,48,48,29,31,7,9,48,48,30,31
0,57,83,7,9,48,48,30,31,7,8,48,48,29,31,0
0,0,7,8,48,48,29,31,7,9,48,48,30,31,0,0
0,7,9,48,48,30,31,7,8,48,48,29,31,57,85,86
7,8,48,48,29,31,84,2,48,48,48,19,0,0,0,0
2,48,48,48,19,0,0,1,48,48,48,18,83,0,0,0
1,48,48,48,18,57,0,3,48,48,48,17,0,0,0,0
2,48,48,48,19,85,86,2,48,48,48,19,85,86,0,0
2,49,49,48,19,84,0,1,48,48,48,17,0,57,0,0
1,49,49,48,19,57,83,3,48,48,48,19,0,0,0,0
3,49,49,48,18,84,83,1,48,48,48,19,0,85,86,0
1,48,48,48,17,84,83,3,48,48,48,18,84,0,0,0
3,48,48,48,19,83,84,1,49,49,48,17,84,0,83,0
1,48,48,48,17,0,84,3,48,48,48,19,0,84,83,0
3,48,48,48,19,0,0,2,48,48,48,17,57,84,83,0
13,14,48,48,23,25,0,1,48,48,96,17,0,84,84,0
0,13,15,48,48,24,25,3,48,48,100,19,57,0,0,0
0,0,2,48,48,48,19,1,48,48,100,19,0,83,0,0
0,83,1,48,48,48,18,2,48,48,100,19,0,0,0,0
0,0,2,48,48,48,17,1,48,48,100,19,85,86,0,0
0,0,2,48,48,48,19,3,48,48,100,19,0,0,0,83
85,86,1,48,48,48,19,1,48,48,100,19,84,57,0,0
0,0,3,48,48,48,18,3,48,48,100,19,84,84,0,0
0,84,1,48,48,48,17,1,48,48,98,17,0,84,0,0
0,84,3,48,48,48,19,3,48,48,48,19,0,83,84,83
0,57,1,37,38,39,17,13,14,48,48,23,25,0,0,0
0,0,3,40,41,42,19,0,13,15,48,48,24,25,0,83
85,86,13,14,48,48,23,25,0,13,14,48,48,23,25,0
0,84,0,13,15,48,48,24,25,57,13,15,48,48,24,25
0,0,0,0,2,48,48,48,19,84,0,2,48,48,48,19
0,0,0,0,2,48,48,48,18,0,0,1,48,48,48,18
0,85,86,0,2,48,48,48,17,85,86,3,48,48,48,17
0,0,0,0,1,48,48,48,19,0,0,2,48,48,48,19
0,84,84,0,3,48,48,48,18,84,0,1,48,49,49,18
0,0,0,0,1,49,49,48,17,84,83,3,48,49,49,17
0,84,85,86,3,48,48,48,19,84,0,1,48,48,48,19
0,0,0,0,1,48,48,48,17,57,0,3,48,48,48,17
0,0,84,0,3,48,48,48,19,0,0,1,48,48,48,19
0,0,0,7,9,48,48,30,31,0,0,3,48,48,48,19
83,0,7,8,48,48,29,31,0,83,0,3,48,48,48,18
0,7,9,48,48,30,31,0,84,0,0,1,48,48,48,17
7,8,48,48,29,31,85,86,0,84,0,3,48,48,48,19
13,14,48,48,23,25,0,83,0,57,0,1,48,48,48,17
57,13,15,48,48,24,25,83,0,0,0,3,48,48,48,19
0,83,2,48,48,48,19,0,85,86,0,3,48,48,48,19
0,0,2,97,48,48,18,0,0,0,0,1,48,48,48,18
84,0,1,100,48,48,19,0,84,83,83,3,48,48,48,17
0,84,1,100,48,48,18,57,84,0,0,1,48,48,48,19
0,57,1,100,48,48,17,0,0,0,0,3,48,48,48,17
84,0,3,99,48,48,19,0,85,86,0,1,37,38,39,19
0,0,1,48,48,48,17,83,0,0,0,3,40,41,42,18
0,83,3,48,48,48,19,0,0,76,77,1,48,48,48,17
0,7,9,48,48,30,31,85,86,72,73,3,48,48,48,19
7,8,48,48,29,31,0,0,0,0,0,1,48,48,48,17
3,48,49,49,18,84,0,83,76,77,57,3,49,49,49,19
1,48,49,49,17,84,57,0,78,79,0,2,49,49,48,19
2,48,49,49,19,84,0,0,103,104,0,2,49,49,48,18
2,48,49,49,20,0,84,0,0,0,0,6,49,48,48,17
2,48,49,49,21,22,0,0,85,86,4,5,49,48,48,19
10,11,48,49,49,20,0,103,104,0,6,49,48,48,27,28
0,12,48,49,49,21,22,0,0,4,5,49,48,48,26,0
57,10,11,48,49,49,20,0,0,6,48,48,48,27,28,83
0,0,12,48,49,49,21,22,4,5,48,48,48,26,0,0
76,77,10,11,49,49,49,20,6,48,48,48,27,28,76,77
72,73,0,12,48,49,49,21,5,48,48,48,26,0,72,73
0,0,63,2,48,49,49,49,48,48,48,48,17,63,0,0
0,0,0,1,48,48,48,48,48,48,48,64,65,0,0,0
0,63,0,70,71,48,48,43,44,48,48,66,67,63,0,0
0,0,0,68,69,48,48,45,46,48,48,48,19,0,76,77
76,77,0,3,48,48,48,48,48,48,48,30,31,0,72,73
72,73,63,1,48,48,48,48,48,48,29,31,0,103,104,0
0,0,0,3,48,48,48,48,48,29,31,76,77,0,0,0
103,104,7,9,48,48,48,48,30,31,63,72,73,0,0,0
63,7,8,48,48,48,48,29,31,0,0,103,104,0,0,0
0,2,53,54,48,48,48,19,0,76,77,0,0,0,0,0
0,1,55,56,48,48,64,65,0,72,73,0,0,0,0,0
63,70,71,48,48,48,66,67,0,0,0,0,0,0,0,0
0,68,69,48,48,48,48,19,63,0,0,0,0,0,0,0
0,3,48,48,48,48,64,65,0,0,0,0,0,0,0,0
0,70,71,48,48,48,66,67,76,77,0,0,0,0,0,0
63,68,69,48,48,48,64,65,72,73,63,0,0,0,0,0
0,70,71,48,48,48,66,67,0,0,0,0,0,0,0,0
0,68,69,48,48,48,48,19,63,103,104,0,0,0,0,0
63,2,48,48,48,48,64,65,0,0,0,63,0,0,0,0
0,70,71,48,48,48,66,67,0,0,0,0,0,0,0,0
0,68,69,48,48,48,48,17,76,77,0,0,0,0,0,0
0,70,71,48,37,38,39,19,72,73,0,0,0,0,0,0
0,68,69,48,40,41,42,19,103,104,0,0,0,0,0,0
0,70,71,48,48,48,48,18,63,76,77,0,0,0,0,0
0,68,69,48,48,48,64,65,0,72,73,0,0,0,0,0
0,3,48,48,48,48,66,67,103,104,0,0,0,0,0,0
63,1,48,48,48,48,48,17,0,0,0,0,0,0,0,0
0,3,48,48,48,48,48,19,63,0,76,77,0,0,0,0
0,13,14,48,48,48,48,23,25,0,72,73,0,0,0,0
76,77,13,15,48,48,48,48,23,25,103,104,0,0,0,0
72,73,0,13,14,48,48,48,48,24,25,0,0,0,0,0
89,89,89,89,89,91,89,89,89,89,89,93,89,89,89,89
90,90,90,90,90,92,90,90,90,90,90,94,90,90,90,90
90,90,90,90,90,92,90,90,90,90,90,94,90,90,90,90
90,90,90,90,90,92,90,90,90,90,90,94,90,90,90,90
89,89,89,89,89,91,89,89,89,89,89,93,89,89,89,89
0,0,0,0,63,3,48,48,48,48,48,18,63,0,0,63
0,0,0,0,0,70,71,48,48,48,48,18,103,104,0,0
0,0,0,0,0,68,69,48,48,48,48,18,63,0,0,63
0,0,0,63,0,2,53,54,48,48,48,19,0,0,0,0
0,0,0,0,0,2,55,56,48,48,64,65,0,63,0,0
0,0,76,77,0,70,71,48,48,48,66,67,0,0,0,0
0,0,72,73,0,68,69,48,48,48,48,19,0,63,76,77
0,0,0,0,63,3,48,48,48,48,48,18,103,104,72,73
0,0,0,76,77,70,71,48,48,48,64,65,0,0,0,0
0,0,0,72,73,68,69,48,48,48,66,67,63,63,0,0
0,0,0,0,0,1,48,48,48,48,48,17,63,0,0,0
0,0,103,104,0,3,48,48,48,48,48,19,0,0,0,0
0,76,77,0,7,8,48,48,48,48,29,31,103,104,0,0
0,72,73,7,9,48,48,48,48,30,31,0,76,77,0,0
0,0,7,8,48,48,48,48,29,31,63,63,72,73,0,0
0,7,9,48,48,48,48,30,31,76,77,0,0,0,0,0
7,8,48,48,48,48,29,31,0,72,73,0,0,0,0,0
13,14,48,48,48,48,23,25,103,104,0,0,0,0,0,0
0,13,15,48,48,48,48,24,25,63,76,77,0,0,0,0
0,63,2,48,48,48,48,48,19,0,72,73,0,0,0,0
0,0,70,71,48,48,48,48,18,0,0,0,0,0,0,0
0,0,68,69,48,48,48,48,17,0,63,76,77,0,0,0
103,104,70,71,48,48,48,48,19,0,0,72,73,0,0,0
0,0,68,69,48,48,48,48,17,63,0,0,0,0,0,0
0,63,1,48,48,48,48,64,65,0,0,0,0,0,0,0
0,0,3,48,48,48,48,66,67,0,76,77,0,0,0,0
63,0,70,71,48,48,48,48,18,0,72,73,0,0,0,0
63,0,68,69,48,48,48,48,17,103,104,0,0,0,0,0
0,0,70,71,48,48,87,88,19,0,76,77,0,0,0,0
63,0,68,69,48,48,48,48,19,0,72,73,0,0,0,0
63,0,1,87,88,48,48,64,65,0,63,0,0,0,0,0
0,0,3,48,48,48,48,66,67,103,104,0,0,0,0,0
76,77,1,48,37,38,39,48,19,0,0,0,0,0,0,0
72,73,3,48,40,41,42,48,18,63,0,0,0,0,0,0
0,0,70,71,48,48,48,48,17,76,77,0,0,0,0,0
0,0,68,69,48,48,48,64,65,72,73,0,0,0,0,0
103,104,13,14,48,48,48,66,67,0,0,0,0,0,0,0
0,0,0,13,15,48,48,48,19,0,0,0,76,77,0,0
76,77,0,0,13,14,48,48,23,25,63,0,72,73,0,0
72,73,0,63,0,13,15,48,48,24,25,103,104,0,0,0
0,0,0,0,0,0,13,14,48,48,23,25,0,0,0,0
0,0,0,76,77,0,0,13,15,48,48,24,25,63,0,0
0,0,0,72,73,0,103,104,2,48,48,48,19,0,0,0
0,0,0,0,0,0,0,0,1,48,48,48,18,0,0,0
0,0,0,0,0,0,0,0,70,71,48,48,17,76,77,0
0,0,0,0,0,76,77,0,68,69,48,48,19,72,73,0
0,0,0,0,0,72,73,0,3,48,48,48,17,0,0,0
0,0,0,0,0,0,0,0,2,48,48,64,65,103,104,0
0,0,0,0,0,0,63,0,70,71,48,66,67,0,0,0
0,0,0,0,76,77,0,0,68,69,48,48,18,0,0,0
0,0,0,0,72,73,0,0,2,48,43,44,19,63,0,0
0,0,0,0,0,0,0,0,70,71,45,46,19,0,0,0
0,0,0,0,0,103,104,104,68,69,48,48,18,103,104,0
0,0,0,0,0,63,0,0,1,48,48,64,65,0,0,0
0,0,0,0,0,0,0,0,3,48,48,66,67,0,63,0
0,0,0,0,103,104,76,77,1,48,48,48,17,0,0,0
0,0,0,0,0,0,72,73,3,48,48,48,19,103,104,0
0,0,0,0,0,63,0,7,9,48,48,30,31,0,0,0
0,0,0,76,77,0,7,8,48,48,29,31,0,76,77,0
0,0,0,72,73,7,9,48,48,30,31,0,63,72,73,0
0,0,0,0,7,8,48,48,29,31,76,77,0,0,0,0
0,0,0,0,70,71,48,48,19,0,72,73,0,0,0,0
0,0,63,0,68,69,48,48,18,63,0,0,0,0,0,0
0,0,0,0,1,48,48,48,17,0,0,0,0,0,0,0
0,0,103,104,3,48,48,64,65,103,104,0,0,0,0,0
0,76,77,0,70,71,48,66,67,0,0,0,0,0,0,0
0,72,73,0,68,69,48,48,19,0,0,0,0,0,0,0
0,0,63,0,1,48,48,48,18,0,76,77,0,0,0,0
0,0,0,0,3,48,48,48,17,0,72,73,0,0,0,0
0,0,0,7,9,48,48,64,65,0,0,0,0,0,0,0
103,104,7,8,48,48,48,66,67,0,0,0,0,0,0,0
0,0,2,48,48,48,48,48,19,0,0,0,0,0,0,0
103,104,1,48,48,48,48,48,18,63,0,76,77,0,0,0
0,0,70,71,48,32,33,34,17,0,0,72,73,0,0,0
0,0,68,69,48,48,48,48,19,103,104,0,0,0,0,0
0,0,2,48,48,48,48,64,65,0,0,0,0,0,0,0
103,104,70,71,48,48,48,66,67,0,0,0,0,0,0,0
0,0,68,69,48,48,48,48,19,76,77,0,0,0,0,0
103,104,1,48,48,48,48,48,18,72,73,0,0,0,0,0
0,0,3,48,48,48,48,64,65,0,63,76,77,0,0,0
63,0,1,87,88,48,48,66,67,0,0,72,73,0,0,0
0,0,3,48,48,48,48,48,17,103,104,0,0,0,0,0
0,0,70,71,48,48,48,48,19,76,77,0,0,0,0,0
0,0,68,69,48,48,48,64,65,72,73,0,0,0,0,0
0,63,1,48,48,48,48,66,67,0,63,103,104,0,0,0
0,0,3,48,48,48,48,64,65,0,0,0,0,0,0,0
0,0,70,71,48,48,48,66,67,0,76,77,0,0,0,0
0,0,68,69,48,48,48,48,19,0,72,73,0,0,0,0
63,0,3,48,48,48,48,48,17,76,77,0,0,0,0,0
103,104,1,48,48,48,48,48,19,72,73,103,104,0,0,0
0,0,3,48,48,48,48,48,23,25,0,63,0,0,0,0
76,77,1,43,44,48,48,48,48,24,25,0,0,0,0,0
72,73,3,45,46,48,48,48,48,48,19,76,77,0,0,0
0,0,2,48,48,37,38,39,48,48,18,72,73,0,0,0
0,0,70,71,48,40,41,42,48,48,17,0,0,0,0,0
0,0,68,69,48,48,48,48,48,64,65,0,76,77,0,0
76,77,3,48,48,48,48,48,48,66,67,63,72,73,0,0
72,73,1,48,48,48,48,48,48,64,65,63,0,0,0,0
0,0,70,71,48,48,48,48,48,66,67,0,0,0,0,0
0,0,68,69,48,48,48,48,48,48,18,76,77,0,0,0
103,104,3,48,48,48,48,53,54,48,17,72,73,0,0,0
0,7,9,48,48,48,48,55,56,48,19,0,0,0,0,0
7,8,48,48,48,48,48,48,48,64,65,0,103,104,0,0
2,48,48,48,48,48,48,48,48,66,67,0,63,0,0,0
1,48,48,48,48,48,48,48,48,64,65,0,0,0,0,0
3,48,48,48,48,48,48,48,48,66,67,103,104,0,0,0
70,71,48,48,48,48,48,48,48,64,65,0,76,77,0,0
68,69,48,48,48,48,48,48,48,66,67,0,72,73,0,0
70,71,48,48,48,48,48,48,48,64,65,0,0,0,0,0
68,69,48,48,87,88,48,48,48,66,67,76,77,63,0,0
70,71,48,48,48,48,48,48,48,48,17,72,73,0,0,0
68,69,48,48,48,48,48,48,48,48,19,0,76,77,0,0
2,48,37,38,39,48,48,48,48,48,17,63,72,73,0,0
1,48,40,41,42,32,33,34,48,48,19,0,76,77,0,0
3,48,48,48,48,48,48,48,48,64,65,0,72,73,0,0
70,71,48,48,48,48,48,48,48,66,67,0,63,0,0,0
68,69,48,48,48,48,48,48,48,64,65,0,0,0,63,0
1,48,48,48,48,48,48,48,48,66,67,0,76,77,0,0
3,48,48,48,48,48,48,48,48,48,19,0,72,73,0,0
13,14,48,48,48,48,48,48,48,48,23,25,0,103,104,0
63,13,15,48,48,48,48,48,48,48,48,24,25,63,0,0
0,0,13,14,48,48,48,48,48,48,48,48,23,25,0,63
0,76,77,13,15,43,44,48,48,48,48,48,48,24,25,63
0,72,73,0,2,45,46,48,48,48,48,48,48,48,19,0
0,0,63,0,70,71,48,48,48,48,48,48,48,48,18,0
0,103,104,0,68,69,48,48,48,48,48,48,48,48,19,0
0,0,0,0,1,100,97,48,48,48,37,38,39,48,18,0
0,0,76,77,3,100,100,32,33,34,40,41,42,48,17,0
0,0,72,73,3,99,99,48,48,48,48,48,48,64,65,0
0,0,0,0,1,48,48,48,48,48,48,48,48,66,67,63
0,0,0,0,70,71,48,48,48,48,48,48,48,64,65,0
0,0,0,0,68,69,48,48,48,48,48,48,48,66,67,0
0,0,76,77,1,48,48,48,48,48,48,48,48,48,18,0
0,0,72,73,3,48,48,48,48,48,48,48,48,48,17,63
0,0,103,104,70,71,48,48,48,48,48,48,48,64,65,63
0,0,63,0,68,69,48,48,48,48,48,48,48,66,67,0
0,0,76,77,1,48,48,48,48,48,48,48,48,64,65,0
0,0,72,73,70,71,48,48,48,48,48,48,48,66,67,0
0,0,0,0,68,69,48,48,48,48,48,48,48,64,65,0
0,0,76,77,2,48,48,48,87,88,48,48,48,66,67,0
0,0,72,73,2,48,48,48,48,48,48,48,48,48,19,0
0,0,103,104,70,71,48,48,48,48,48,48,43,44,19,63
0,0,0,63,68,69,48,48,48,48,48,48,45,46,18,0
0,0,0,0,1,48,37,38,39,48,48,48,48,48,17,0
0,0,0,63,70,71,40,41,42,32,33,34,48,64,65,0
0,0,103,104,68,69,48,48,48,48,48,48,48,66,67,0
0,0,0,0,3,48,48,48,48,48,48,48,48,48,19,0
0,0,0,63,10,11,48,48,48,48,48,48,48,27,28,0
0,0,0,0,0,12,48,48,48,48,48,48,48,26,0,0
0,0,76,77,0,10,11,48,48,48,48,48,27,28,76,77
0,0,72,73,76,77,12,48,48,48,48,48,26,0,72,73
0,0,0,0,72,73,10,11,48,48,48,27,28,103,104,0
0,0,0,0,0,0,0,12,48,48,48,26,76,77,76,77
0,0,0,0,76,77,0,2,48,48,48,19,72,73,72,73
0,0,0,0,72,73,0,1,48,48,48,18,0,76,77,0
0,0,0,0,0,103,104,2,48,48,64,65,0,72,73,0
0,0,0,0,76,77,0,1,48,48,66,67,0,0,0,0
0,0,0,0,72,73,0,70,71,48,48,19,76,77,0,0
0,0,0,0,0,0,0,68,69,48,48,19,72,73,0,0
0,0,0,0,0,76,77,3,48,48,48,18,103,104,0,0
0,0,0,0,0,72,73,1,48,48,64,65,76,77,76,77
0,0,0,0,0,0,0,3,48,48,66,67,72,73,72,73
0,0,0,0,63,0,0,70,71,48,48,17,76,77,76,77
0,0,0,0,0,63,0,68,69,48,48,19,72,73,72,73
0,0,0,0,0,0,0,13,14,48,48,23,25,0,103,104
0,0,0,0,0,63,0,63,13,15,48,48,24,25,0,0
0,0,0,0,0,0,0,103,104,13,14,48,48,23,25,0
0,0,0,0,0,0,0,0,63,0,13,15,48,48,24,25
0,0,0,0,0,0,76,77,0,0,7,9,48,48,30,31
0,0,0,0,76,77,72,73,0,7,8,48,48,29,31,0
0,0,0,0,72,73,63,0,7,9,48,48,30,31,63,0
0,0,0,0,0,103,104,7,8,48,48,29,31,0,103,104
0,0,0,76,77,0,7,9,48,48,30,31,76,77,0,0
0,0,0,72,73,7,8,48,48,29,31,0,72,73,0,0
0,0,0,0,7,9,48,48,30,31,0,63,0,0,0,0
0,0,63,7,8,48,48,29,31,76,77,103,104,0,0,0
0,0,0,13,14,48,48,23,25,72,73,0,0,0,0,0
0,0,76,77,13,15,48,48,24,25,0,76,77,0,0,0
0,0,72,73,0,13,14,48,48,23,25,72,73,0,0,0
0,0,0,63,0,0,13,15,48,48,24,25,0,63,0,0
0,0,0,0,76,77,0,13,14,48,48,23,25,0,0,0
0,0,0,0,72,73,103,104,13,15,48,48,24,25,63,0
0,0,0,0,0,0,76,77,0,2,48,48,48,19,63,63
0,0,0,0,0,0,72,73,0,70,71,48,48,18,0,63
0,0,0,0,0,0,0,0,0,68,69,48,48,17,0,0
0,0,0,0,0,0,0,0,63,1,48,48,64,65,0,0
0,0,0,0,63,0,76,77,0,70,71,48,66,67,0,0
0,0,0,0,0,0,72,73,0,68,69,48,48,19,76,77
0,0,0,0,0,63,0,0,0,70,71,48,48,19,72,73
0,0,0,0,0,0,76,77,0,68,69,48,48,17,0,0
0,0,0,0,0,0,72,73,0,70,71,48,64,65,0,63
0,0,0,0,0,0,0,0,0,68,69,48,66,67,0,63
0,0,0,0,63,0,0,76,77,3,48,48,48,18,0,63
0,0,0,0,63,0,0,72,73,1,37,38,39,17,63,0
0,0,0,0,63,0,63,0,0,3,40,41,42,19,63,0
0,0,0,0,0,63,0,76,77,1,48,48,48,17,0,0
0,0,0,0,0,63,0,72,73,3,48,48,48,19,0,0
0,0,0,76,77,103,104,0,7,9,48,48,30,31,0,0
0,0,0,72,73,0,0,7,8,48,48,29,31,76,77,0
0,0,0,0,63,63,7,9,48,48,30,31,0,72,73,0
0,0,0,0,0,7,8,48,48,29,31,103,104,0,0,0
0,0,0,63,0,2,48,48,48,19,0,76,77,0,0,0
0,0,0,103,104,70,71,48,48,18,0,72,73,0,0,0
0,0,0,63,63,68,69,48,48,19,0,63,0,0,0,0
0,0,0,0,0,3,48,48,48,18,0,0,0,0,0,0
0,0,103,104,0,70,71,48,64,65,0,76,77,0,0,0
0,0,0,0,0,68,69,48,66,67,0,72,73,0,0,0
0,0,0,76,77,1,48,48,48,17,103,104,76,77,0,0
0,0,0,72,73,3,48,48,48,19,0,0,72,73,0,0
0,0,0,0,0,13,14,48,48,23,25,0,76,77,76,77
0,0,0,63,0,0,13,15,48,48,24,25,72,73,72,73
0,0,0,0,0,76,77,13,14,48,48,23,25,0,76,77
0,0,0,0,0,72,73,63,13,15,48,48,24,25,72,73
0,0,0,0,0,0,0,0,0,13,14,48,48,23,25,0
0,0,0,0,63,0,0,0,63,0,13,15,48,48,24,25
0,0,0,0,63,63,0,76,77,103,104,2,48,43,44,19
0,0,0,0,0,63,0,72,73,0,0,2,48,45,46,18
0,0,0,0,0,0,0,0,0,63,0,70,71,48,48,19
0,0,0,0,0,0,0,0,103,104,0,68,69,48,64,65
0,0,0,0,0,0,0,0,0,0,0,3,48,48,66,67
0,0,0,0,0,0,0,63,0,76,77,70,71,48,48,17
0,0,0,0,0,0,0,0,0,72,73,68,69,48,48,19
0,0,0,0,0,63,0,0,0,63,0,1,48,48,64,65
0,0,0,0,63,0,0,0,0,0,0,3,48,48,66,67
0,0,0,0,0,0,0,76,77,0,7,9,48,48,30,31
0,0,0,0,0,0,0,72,73,7,8,48,48,30,31,0
0,0,0,0,0,0,0,0,7,9,48,48,29,31,0,0
0,0,63,0,76,77,0,7,8,48,48,29,31,103,104,0
0,0,0,0,72,73,7,9,48,48,30,31,0,0,0,0
0,0,76,77,0,7,8,48,48,29,31,0,76,77,0,0
0,0,72,73,7,9,48,48,30,31,63,0,72,73,0,0
103,104,0,7,8,48,48,29,31,0,0,0,0,76,77,0
0,0,7,9,48,48,30,31,0,0,0,0,0,72,73,0
0,7,8,48,48,29,31,0,76,77,0,0,0,76,77,0
0,2,48,48,64,65,0,0,72,73,0,0,0,72,73,0
0,1,48,48,66,67,0,63,0,0,63,0,0,0,0,0
0,70,71,48,64,65,0,0,103,104,63,0,0,0,0,0
0,68,69,48,66,67,0,0,0,0,63,0,0,0,0,0
0,2,48,48,48,19,0,76,77,0,63,0,0,0,0,0
0,1,48,48,48,19,0,72,73,0,0,0,0,0,0,0
0,70,71,48,48,18,63,0,0,0,0,0,0,0,0,0
0,68,69,48,64,65,0,103,104,0,0,0,0,0,0,0
0,3,48,48,66,67,0,0,0,0,0,0,0,0,0,0
0,1,48,48,48,17,0,0,76,77,0,0,0,0,0,0
0,3,48,48,48,19,0,0,72,73,0,0,0,0,0,0
0,13,14,48,48,23,25,0,63,63,0,0,0,0,0,0
0,63,13,15,48,48,24,25,0,63,0,0,0,0,0,0
0,63,0,13,14,48,48,23,25,103,104,0,0,0,0,0
0,63,63,0,13,15,48,48,24,25,0,0,0,0,63,0
0,0,0,0,0,2,48,48,48,19,76,77,0,0,0,0
0,0,103,104,0,1,48,48,64,65,72,73,63,0,0,0
0,0,76,77,0,3,48,48,66,67,0,63,0,0,0,0
63,0,72,73,0,70,71,48,48,19,0,63,0,0,0,0
0,0,63,0,0,68,69,48,48,19,0,0,0,0,0,0
0,0,0,63,0,3,48,48,64,65,76,77,76,77,0,0
0,0,0,0,0,1,48,48,66,67,72,73,72,73,0,0
0,0,76,77,0,3,48,48,48,19,0,0,0,0,0,0
0,0,72,73,0,1,43,44,48,17,63,103,104,0,0,0
0,0,0,103,104,3,45,46,48,19,63,0,0,0,0,63
0,0,0,63,0,13,14,48,48,23,25,0,76,77,0,63
0,0,0,63,0,0,13,15,48,48,24,25,72,73,0,63
0,0,63,0,0,76,77,13,14,48,48,23,25,0,0,63
0,0,0,0,0,72,73,0,13,15,48,48,24,25,0,0
0,0,0,0,0,0,0,63,0,13,14,48,48,23,25,0
0,0,0,0,0,63,63,0,0,0,13,15,48,48,24,25
0,0,0,0,0,0,0,76,77,0,7,9,48,48,30,31
0,0,0,0,0,0,0,72,73,7,8,48,48,30,31,0
0,0,0,0,0,103,104,0,7,8,48,48,29,31,0,0
0,0,0,0,0,0,63,0,2,48,48,64,65,103,104,0
0,0,0,0,0,0,0,0,1,48,48,66,67,0,76,77
0,0,0,76,77,76,77,0,70,71,48,48,17,0,72,73
0,0,0,72,73,72,73,0,68,69,48,48,19,63,0,0
0,0,0,0,0,0,63,0,3,48,48,48,17,0,0,63
0,0,0,0,0,0,0,0,70,71,48,64,65,103,104,0
0,0,0,0,0,0,0,0,68,69,48,66,67,63,0,0
0,0,0,0,0,0,76,77,1,48,48,48,19,63,0,0
0,0,0,76,77,0,72,73,3,48,48,48,18,0,0,0
0,0,0,72,73,0,0,0,1,48,48,48,17,76,77,0
0,0,0,0,0,103,104,0,3,48,48,48,19,72,73,0
0,0,0,0,63,0,76,77,1,37,38,39,17,0,0,0
0,0,0,63,0,0,72,73,3,40,41,42,19,0,63,0
0,0,0,0,76,77,0,7,9,48,48,30,31,0,0,0
0,0,0,0,72,73,7,9,48,48,29,31,0,0,0,0
0,76,77,63,0,7,8,48,48,29,31,0,76,77,0,0
0,72,73,0,7,8,48,48,29,31,0,0,72,73,0,0
0,103,104,7,9,48,48,30,31,63,0,0,0,0,0,0
0,0,7,8,48,48,29,31,103,104,0,0,0,0,0,0
0,0,13,14,48,48,23,25,0,76,77,0,0,0,0,0
0,76,77,13,15,48,48,24,25,72,73,0,0,0,0,0
0,72,73,0,2,48,48,48,19,63,63,0,0,0,0,0
0,0,0,0,70,71,48,48,18,103,104,0,0,0,0,0
0,0,0,0,68,69,48,48,17,0,76,77,0,0,0,0
0,0,63,0,1,48,48,48,19,0,72,73,0,0,0,0
0,0,0,0,70,71,48,48,17,63,0,0,0,0,0,0
0,76,77,0,68,69,48,48,19,0,0,0,0,0,0,0
0,72,73,0,1,48,48,64,65,0,0,76,77,0,0,0
0,0,63,0,3,48,48,66,67,63,0,72,73,0,0,0
0,0,0,0,70,71,48,64,65,0,0,0,0,0,0,0
0,0,0,0,68,69,48,66,67,0,0,0,0,0,0,0
0,0,0,0,1,48,48,48,19,76,77,0,0,0,0,0
0,0,76,77,3,48,48,48,18,72,73,0,0,0,0,0
0,0,72,73,70,71,48,48,17,0,63,0,0,0,0,0
103,104,63,0,68,69,48,48,19,103,104,0,0,0,0,0
0,0,0,63,3,37,38,39,17,76,77,0,0,0,0,0
0,0,0,0,1,40,41,42,19,72,73,0,0,0,0,0
0,0,76,77,3,48,48,48,19,0,0,0,0,0,0,0
0,0,72,73,1,48,48,48,19,0,76,77,0,0,0,0
0,0,0,0,3,48,48,48,19,0,72,73,0,0,0,0
0,103,104,63,70,71,48,48,19,63,0,0,0,0,0,0
0,0,0,0,68,69,48,64,65,0,0,0,0,0,0,0
0,76,77,0,3,48,48,66,67,76,77,0,0,0,0,0
0,72,73,0,70,71,48,48,17,72,73,0,0,0,0,0
0,0,0,0,68,69,48,64,65,63,0,0,0,0,0,0
0,0,0,0,1,48,48,66,67,0,63,0,0,0,0,0
0,0,0,0,70,71,48,48,19,0,0,0,0,0,0,0
0,76,77,0,68,69,49,64,65,103,104,0,0,0,0,0
0,72,73,63,3,48,49,66,67,0,0,0,0,0,0,0
112,113,114,115,2,48,48,48,19,112,113,114,115,0,0,0
116,117,118,119,70,71,48,49,18,116,117,118,119,0,0,0
120,121,122,123,68,69,48,49,17,120,121,122,123,0,0,0
63,124,125,63,2,48,49,48,17,63,124,125,63,0,0,0
0,126,127,63,3,49,48,49,19,0,126,127,63,0,0,0
0,0,76,77,241,48,48,49,249,63,111,63,0,0,0,0
0,0,72,73,242,58,59,60,248,110,106,0,0,0,0,0
0,0,0,63,242,49,49,48,248,110,106,103,104,0,0,0
0,76,77,0,242,62,62,62,248,110,109,0,63,0,0,0
0,72,73,0,3,48,49,49,19,63,0,0,0,0,0,0
0,0,0,0,2,48,49,49,18,63,0,0,0,0,0,0