539,184,96,,,,,,,,,,,,,
0,101,102,0,0,224,225,226,227,228,95,6,32,32,27,28
105,0,0,0,105,229,230,231,232,233,4,5,32,32,26,95
0,95,101,102,7,80,82,81,80,81,8,32,32,27,28,95
0,0,0,7,8,32,32,32,32,32,32,32,32,26,95,95
0,105,0,1,32,32,32,32,32,32,32,32,27,28,95,95
0,0,95,1,32,32,32,32,32,32,32,32,26,105,95,95
101,102,95,1,32,32,32,32,32,32,32,27,28,95,95,0
0,95,95,1,32,32,32,32,32,32,32,26,95,105,95,95
105,0,0,1,32,32,32,32,32,32,32,17,95,95,105,0
0,0,95,1,32,32,32,32,32,32,32,17,95,0,105,0
101,102,0,1,32,32,32,32,32,32,32,17,0,0,105,0
0,0,0,1,32,32,32,32,32,32,32,17,95,0,0,0
105,95,105,1,32,32,32,32,32,32,32,17,101,102,0,0
0,0,0,241,32,32,32,32,32,32,32,249,0,105,0,0
0,95,95,242,243,244,245,246,247,244,243,248,0,95,95,0
101,102,0,242,32,32,32,32,32,32,32,248,0,0,0,0
0,0,95,242,196,196,196,196,196,196,196,248,105,0,0,0
95,105,0,2,32,32,32,32,32,32,32,17,0,0,105,0
0,0,0,3,32,32,32,32,32,32,32,17,95,0,0,0
0,0,0,2,32,32,32,32,32,32,32,17,101,102,0,0
105,0,95,2,32,32,32,32,32,32,32,19,0,95,0,95
0,0,0,3,32,32,32,32,32,32,32,19,105,0,0,0
0,101,102,2,32,32,32,32,32,32,32,17,95,0,0,0
0,0,95,2,32,32,32,32,32,32,32,17,0,105,0,0
0,0,0,3,32,32,32,32,32,32,32,17,0,0,0,0
95,0,105,2,32,32,32,32,32,32,32,17,0,0,101,102
0,0,0,2,32,32,32,32,32,32,32,17,105,0,95,0
0,0,95,3,32,32,32,32,32,32,32,17,0,0,0,0
0,105,0,3,32,32,32,32,32,32,32,17,95,0,105,0
0,0,0,2,32,32,32,32,32,32,27,28,0,0,0,0
0,101,102,3,32,32,32,32,32,32,26,95,0,101,102,0
0,0,0,3,32,32,32,32,32,27,28,0,95,0,0,0
105,0,95,2,32,32,32,32,32,26,0,105,0,0,0,0
0,0,95,3,32,32,32,32,27,28,0,0,0,0,95,0
0,105,0,1,32,32,32,32,26,0,0,0,0,105,0,0
0,0,0,2,32,32,32,32,18,0,101,102,0,0,0,0
0,0,95,2,32,32,32,32,18,0,0,0,0,0,105,0
0,101,102,2,32,32,32,32,18,95,0,105,0,0,0,0
95,0,0,10,11,32,32,32,20,0,95,0,0,0,0,0
0,0,0,0,12,32,32,32,21,22,0,0,0,0,95,0
0,0,105,0,10,11,32,32,32,20,0,101,102,0,0,0
105,0,95,0,0,12,32,32,32,21,22,0,0,0,105,0
0,0,0,0,0,10,11,32,32,32,20,95,0,0,0,0
0,0,0,101,102,0,12,32,32,32,21,22,0,105,0,0
0,95,0,0,0,0,6,32,32,32,27,28,0,0,101,102
0,0,105,105,0,4,5,32,32,32,26,0,0,0,0,0
0,0,0,0,95,6,32,32,32,27,28,101,102,0,0,0
0,101,102,0,4,5,32,32,32,26,95,0,0,0,95,0
0,0,0,0,6,32,32,32,27,28,0,0,0,105,0,0
0,0,95,4,5,32,32,32,26,95,0,105,0,0,0,0
0,0,0,6,32,32,32,27,28,0,95,0,0,0,0,0
0,105,4,5,32,32,32,26,95,0,0,0,95,0,0,105
0,0,6,32,32,32,27,28,0,0,101,102,0,0,0,0
0,4,5,32,32,32,26,0,105,0,0,0,0,0,0,0
0,3,32,32,32,32,18,0,95,0,0,0,0,105,0,0
105,2,32,32,32,32,19,105,0,95,0,0,0,0,0,0
0,3,32,32,32,32,18,0,0,0,0,0,0,101,102,0
95,2,32,32,32,32,17,0,0,0,105,0,0,0,0,95
0,3,32,32,32,32,19,95,0,95,0,0,0,0,0,0
95,1,32,32,32,32,19,95,0,0,0,0,0,0,95,0
0,2,32,32,216,220,18,0,105,0,0,0,0,0,158,159
95,2,32,32,32,32,17,0,0,95,0,0,105,0,156,157
0,2,32,32,32,32,19,0,158,159,0,0,0,0,0,0
0,10,11,32,32,32,20,0,156,157,0,0,0,0,103,104
95,0,12,32,32,32,21,22,95,0,103,104,0,0,0,0
0,0,10,11,32,32,32,20,0,95,0,0,0,95,0,0
0,234,235,12,32,32,32,21,22,0,0,0,0,0,0,0
0,236,237,10,11,32,32,32,20,0,103,104,234,235,0,0
0,0,0,95,12,32,32,32,21,22,0,0,236,237,103,104
0,0,95,0,10,11,32,32,32,20,0,95,0,0,0,0
158,159,103,104,0,12,32,32,32,21,22,0,0,234,235,0
156,157,0,0,0,10,11,32,32,32,20,0,0,236,237,0
0,0,0,234,235,0,12,32,32,32,21,22,103,104,0,0
95,0,0,236,237,95,10,11,32,32,32,20,0,0,0,0
0,103,104,0,0,0,0,12,32,32,32,21,22,0,158,159
0,0,0,103,104,0,0,10,11,32,32,32,20,0,156,157
0,0,0,0,0,95,0,0,12,32,32,32,21,22,0,0
0,234,235,0,0,234,235,0,10,11,32,32,32,20,103,104
0,236,237,95,0,236,237,0,0,12,32,32,32,21,22,0
0,0,0,0,0,0,0,95,0,6,32,32,32,27,28,0
0,0,0,95,0,0,0,95,4,5,32,32,32,26,95,0
0,103,104,0,0,103,104,0,6,32,32,32,27,28,0,0
0,0,0,0,0,0,0,4,5,32,32,32,26,103,104,0
0,0,0,158,159,0,0,6,32,32,32,27,28,0,0,0
0,0,0,156,157,95,4,5,32,32,32,26,0,95,158,159
0,0,0,234,235,0,3,32,32,32,32,18,0,0,156,157
0,158,159,236,237,0,2,32,32,32,32,19,0,0,0,0
0,156,157,0,95,0,3,32,32,32,32,18,234,235,0,0
0,0,103,104,0,95,1,32,32,32,32,19,236,237,95,0
0,0,0,0,0,0,2,32,32,32,32,18,0,0,0,0
0,0,0,0,0,0,2,32,32,32,32,17,0,103,104,0
0,0,234,235,0,95,2,32,32,216,220,19,0,0,0,0
0,0,236,237,0,0,10,11,32,32,32,20,95,0,158,159
0,0,0,0,103,104,0,12,32,32,32,21,22,0,156,157
0,103,104,0,0,0,0,10,11,32,32,32,20,0,0,0
0,0,0,158,159,95,0,0,12,32,32,32,21,22,103,104
234,235,0,156,157,0,103,104,10,11,32,32,32,20,0,0
236,237,0,0,0,0,0,0,0,12,32,32,32,21,22,0
0,0,0,0,0,234,235,0,0,10,11,32,32,32,20,0
0,0,0,103,104,236,237,0,0,0,12,32,32,32,21,22
0,0,0,0,0,0,0,0,103,104,3,32,32,32,32,18
103,104,0,0,0,95,0,0,0,0,2,32,32,136,140,146
0,0,158,159,0,0,0,0,95,0,3,32,32,32,32,18
0,0,156,157,0,0,0,0,0,0,1,32,32,32,32,17
0,95,0,0,0,0,234,235,0,95,2,32,32,32,32,18
0,0,0,103,104,0,236,237,0,0,2,32,32,32,32,19
0,0,0,0,0,95,0,0,0,0,2,32,32,32,32,18
0,0,234,235,0,0,0,0,103,104,3,32,200,239,207,17
0,0,236,237,0,0,0,0,0,0,2,32,32,32,32,19
0,234,235,158,159,0,234,235,95,0,3,32,32,32,32,18
0,236,237,156,157,0,236,237,0,0,3,32,32,32,32,18
0,0,0,0,0,0,0,0,0,0,2,32,32,32,32,19
0,0,95,0,0,0,0,0,0,95,3,32,32,32,32,18
0,0,0,0,158,159,0,0,0,0,145,128,132,32,32,17
0,0,0,0,156,157,0,234,235,0,2,32,32,32,32,19
0,234,235,0,0,103,104,236,237,0,2,32,32,32,32,18
0,236,237,0,0,95,0,0,0,0,3,32,32,32,32,18
0,0,0,0,0,0,0,0,0,95,1,32,32,32,32,19
0,0,103,104,234,235,234,235,0,0,2,32,32,32,32,18
0,0,0,0,236,237,236,237,0,0,2,44,48,32,32,17
0,0,0,0,0,0,0,0,95,0,2,52,96,32,32,19
0,0,0,0,0,0,0,0,0,0,6,32,32,32,27,28
0,158,159,0,95,0,103,104,0,4,5,32,32,32,26,0
0,156,157,0,0,0,0,0,0,6,32,32,32,27,28,0
0,0,0,0,0,234,235,0,4,5,32,32,32,26,0,0
0,0,0,0,0,236,237,0,6,32,32,32,27,28,0,0
0,103,104,0,0,0,0,4,5,32,32,32,26,0,103,104
0,0,0,95,158,159,0,6,32,32,32,27,28,95,0,0
0,0,0,0,156,157,4,5,32,32,32,26,0,0,0,0
0,234,235,0,0,0,6,32,32,32,27,28,0,158,159,0
0,236,237,103,104,4,5,32,32,32,26,0,0,156,157,0
0,0,0,0,0,6,32,32,32,27,28,0,0,0,0,0
0,103,104,0,4,5,32,32,32,26,0,234,235,0,103,104
0,158,159,0,6,32,32,32,27,28,0,236,237,0,0,0
0,156,157,4,5,32,216,220,26,0,0,0,0,0,0,0
0,0,0,10,11,32,32,32,20,0,158,159,95,0,158,159
234,235,0,0,12,32,32,32,21,22,156,157,0,0,156,157
236,237,103,104,10,11,32,32,32,20,0,0,103,104,0,0
0,0,0,95,0,12,32,32,32,21,22,0,0,0,0,95
158,159,0,0,0,10,11,32,32,32,20,0,234,235,0,0
156,157,0,158,159,0,12,32,32,32,21,22,236,237,0,0
0,0,0,156,157,0,6,32,32,32,27,28,0,0,0,0
0,95,0,0,0,4,5,32,32,32,26,0,0,0,158,159
0,0,103,104,0,6,32,32,32,27,28,103,104,0,156,157
0,234,235,0,4,5,32,32,32,26,0,0,0,0,0,0
0,236,237,0,6,32,32,32,27,28,0,234,235,0,0,0
0,0,0,4,5,32,32,32,26,0,0,236,237,103,104,0
158,159,0,6,32,32,32,27,28,0,0,0,0,95,0,0
156,157,4,5,32,32,32,26,158,159,103,104,0,0,0,0
0,0,6,32,32,32,27,28,156,157,0,0,0,234,235,0
0,4,5,32,32,32,26,0,103,104,0,158,159,236,237,0
0,6,32,32,32,27,28,0,0,0,0,156,157,0,0,0
4,5,32,32,32,26,0,0,0,0,0,0,0,0,0,0
3,216,220,32,32,18,0,158,159,0,0,0,0,0,0,0
2,32,32,32,32,19,0,156,157,0,0,103,104,0,0,95
3,32,32,32,32,18,95,0,0,234,235,0,0,0,0,0
1,32,32,32,32,17,0,0,0,236,237,0,0,0,0,0
3,32,32,32,32,19,103,104,0,0,103,104,0,158,159,0
3,32,32,32,32,18,0,0,95,0,0,0,0,156,157,0
2,32,32,32,32,18,0,0,0,0,0,0,0,0,0,0
3,32,32,32,32,18,83,83,0,0,0,85,86,83,0,0
1,32,32,32,32,19,83,85,86,84,0,0,0,83,0,0
2,32,32,32,32,19,0,0,84,0,95,83,0,0,83,0
2,32,32,44,48,17,0,84,84,0,0,83,84,0,0,0
2,32,32,52,96,19,83,0,0,84,0,0,83,84,0,95
10,11,32,32,32,20,0,83,0,95,84,84,0,0,0,0
0,12,32,32,32,21,22,83,177,176,85,176,83,83,177,176
83,10,11,32,32,32,20,0,85,179,178,179,178,178,178,179
178,83,12,32,32,32,21,22,177,178,179,179,180,180,180,181
178,83,10,11,32,32,32,20,84,85,179,178,178,180,178,179
178,178,83,12,32,32,32,21,22,177,179,180,178,178,180,181
178,180,176,10,11,32,32,32,20,83,177,179,180,180,180,181
178,179,178,86,12,32,32,32,21,22,177,181,179,178,178,179
180,181,180,180,185,32,32,32,32,187,178,179,179,178,180,181
178,179,178,181,185,36,32,208,212,186,178,179,178,178,178,179
180,181,178,180,185,32,36,36,36,187,178,179,180,180,178,179
178,178,178,180,184,32,36,32,36,186,179,181,178,178,178,179
180,180,180,178,185,32,32,36,32,187,178,181,178,180,178,179
178,179,180,180,184,36,36,36,36,186,180,179,178,180,178,179
178,179,180,178,185,32,32,32,36,187,178,180,179,180,181,179
180,181,180,181,185,120,120,120,120,186,180,178,178,178,179,179
178,179,180,181,148,126,116,116,116,127,151,180,180,180,181,181
180,181,178,180,181,185,36,36,32,32,186,178,180,181,179,179
178,179,180,178,180,185,36,36,36,36,187,178,179,178,179,179
178,179,178,180,181,185,32,36,36,36,186,178,178,178,179,181
178,179,180,178,180,185,36,36,32,36,187,178,178,180,181,181
178,179,180,179,180,184,32,36,36,36,186,179,180,178,179,181
180,181,178,178,178,185,36,32,36,36,187,178,179,178,179,179
178,179,178,178,180,184,36,32,36,36,186,180,178,179,178,179
178,179,178,180,178,185,36,32,36,36,187,178,180,181,178,179
180,181,178,179,180,184,36,32,36,36,186,180,180,181,180,181
178,179,178,179,180,184,36,36,36,32,186,179,180,181,178,179
180,181,179,180,179,184,36,36,36,36,186,178,180,179,180,181
178,180,181,180,181,185,120,120,120,120,186,180,178,178,178,179
178,179,178,180,181,148,126,116,116,116,127,151,180,180,180,181
180,178,180,178,178,179,185,36,36,36,36,187,180,180,181,179
180,178,179,180,180,181,185,36,32,36,36,186,178,179,178,179
180,178,179,178,178,180,185,36,36,36,36,187,178,178,178,179
178,179,181,180,179,180,184,36,36,36,36,186,179,178,180,181
180,181,179,180,180,178,185,44,48,36,36,187,178,180,178,179
178,179,179,178,179,180,184,52,96,36,36,186,180,179,178,179
178,179,180,180,180,178,185,36,36,32,36,187,178,180,178,179
178,179,181,178,179,180,184,32,32,36,36,186,180,179,178,179
180,181,178,180,179,180,184,36,36,36,32,186,179,178,180,181
178,178,179,180,180,178,185,36,36,36,36,187,178,180,178,179
180,180,181,178,179,180,184,36,32,36,36,186,180,179,178,179
180,181,178,179,179,178,185,36,32,36,36,186,178,179,180,181
180,181,178,179,181,179,184,36,36,36,36,186,179,180,178,179
180,181,180,181,181,181,185,120,120,120,120,186,180,178,180,181
180,181,178,179,179,181,148,126,116,116,116,127,151,180,178,179
178,178,179,179,181,178,179,184,32,32,36,36,186,180,180,181
178,180,181,181,180,180,181,185,36,36,36,36,187,178,181,181
178,178,179,181,178,178,180,185,36,32,36,36,186,178,180,179
178,180,181,179,180,178,178,185,36,32,36,36,187,180,178,181
178,179,178,178,179,178,178,184,36,36,32,36,186,178,180,179
178,178,179,180,181,181,178,185,36,36,32,36,187,180,178,181
180,180,181,178,179,178,179,184,36,36,32,32,186,178,180,181
178,179,180,178,179,180,181,185,36,36,36,36,186,180,178,179
180,178,179,179,179,178,178,185,36,32,36,36,187,180,181,179
178,178,179,178,179,178,178,184,36,32,36,36,186,178,180,181
178,179,181,180,181,178,178,185,32,36,36,36,187,180,178,179
180,181,181,178,178,178,178,184,32,36,36,36,186,178,180,181
180,181,178,180,180,181,178,185,36,36,32,36,187,180,178,179
180,180,178,179,178,178,179,184,36,36,36,36,186,178,180,178
178,180,180,181,180,180,181,185,120,120,120,120,186,180,178,179
178,180,181,180,180,180,181,148,126,116,116,116,127,151,180,181
178,179,179,178,179,178,178,179,184,32,32,36,36,186,180,181
180,181,181,179,181,178,180,181,185,36,32,36,36,187,178,178
178,180,181,179,181,178,178,180,185,36,36,32,36,186,178,181
178,179,178,181,178,180,180,180,185,36,36,32,36,187,178,179
180,181,180,181,180,181,178,180,185,36,36,36,36,186,180,181
180,178,180,178,181,181,180,180,185,36,36,36,36,186,180,181
178,180,181,179,178,178,178,178,184,32,32,36,36,186,178,178
180,181,180,181,180,180,180,180,185,36,36,36,32,186,180,178
178,179,178,179,178,178,178,179,185,36,36,36,36,186,178,179
180,181,180,181,178,178,178,179,184,36,32,36,36,186,180,181
180,181,178,179,180,180,180,181,185,36,36,36,36,186,178,181
178,179,178,179,178,179,179,179,185,120,120,120,120,186,178,179
178,179,178,179,178,179,179,150,124,112,112,112,125,149,180,181
178,179,180,181,178,179,179,185,36,36,32,36,187,178,179,181
178,179,178,179,180,181,181,184,32,36,32,32,187,179,178,181
180,181,178,178,179,181,181,185,36,36,36,32,186,178,178,178
178,178,178,179,181,179,179,185,32,32,36,32,186,180,181,178
178,179,179,181,180,181,178,185,32,36,32,32,194,179,178,178
180,181,181,181,178,178,179,148,192,32,36,32,195,151,180,178
180,181,178,179,180,178,178,179,193,32,32,32,32,194,179,181
180,181,180,181,178,180,180,181,148,192,39,32,32,195,151,181
178,178,179,181,180,181,178,178,179,193,32,32,39,32,194,181
180,180,181,181,178,179,180,180,181,184,32,39,44,48,187,181
178,179,180,181,180,181,178,178,179,185,32,39,52,96,187,181
180,181,180,181,178,179,180,180,181,184,32,39,32,39,186,178
178,180,180,181,180,181,180,181,179,185,39,32,39,32,187,178
178,179,178,179,181,178,179,179,181,185,32,39,32,32,186,179
180,181,180,181,178,180,181,181,179,184,32,39,32,32,187,180
178,179,179,179,180,181,181,180,181,185,32,32,32,32,186,178
180,181,181,178,179,178,179,178,179,184,32,32,32,32,187,181
178,178,179,180,181,180,181,180,181,185,32,32,39,32,186,179
180,180,181,178,179,178,179,178,179,184,32,32,32,32,187,178
178,179,179,180,181,180,181,180,181,185,32,39,32,32,186,181
180,181,181,180,181,179,179,178,179,184,32,32,32,32,187,178
180,181,180,181,180,181,181,180,181,185,32,32,32,32,186,179
178,178,178,178,178,178,176,85,86,6,32,32,32,27,149,178
180,178,178,179,179,176,0,84,4,5,32,32,32,26,83,85
179,180,179,178,86,83,0,84,6,32,32,32,27,28,84,177
180,181,177,176,84,84,84,4,5,32,32,32,26,83,84,83
178,179,178,86,84,0,0,6,32,32,32,27,28,83,0,84
180,181,180,83,83,83,4,5,32,32,32,26,0,0,181,180
0,85,86,0,83,0,6,32,32,32,27,28,0,83,84,0
0,0,0,83,83,4,5,32,32,32,26,85,86,0,84,0
85,86,0,83,0,3,32,32,32,32,18,85,86,0,0,0
0,57,0,0,0,1,32,32,32,32,19,0,0,0,0,0
83,0,85,86,0,2,32,32,32,32,18,0,83,0,0,0
57,0,83,85,86,2,32,32,32,32,17,57,0,0,0,0
0,0,0,0,0,2,32,32,32,32,19,0,0,0,0,83
0,0,0,0,57,6,32,32,32,32,20,0,0,83,0,0
0,0,0,0,4,5,32,32,32,32,21,22,0,57,0,0
0,0,0,0,6,32,32,32,32,32,32,20,0,0,0,83
0,57,57,4,5,32,32,32,32,32,39,21,22,57,0,0
57,0,0,6,32,32,32,32,27,11,32,32,20,57,0,0
0,0,4,5,32,32,32,32,26,12,39,32,21,22,57,57
0,57,6,32,32,32,32,27,28,10,11,39,32,20,0,57
57,4,5,32,32,32,32,26,0,0,12,32,39,21,22,0
57,6,32,32,32,32,27,28,57,57,10,11,39,32,20,0
4,5,32,32,32,32,26,0,0,0,0,12,32,39,21,22
1,32,32,32,32,32,19,0,57,0,57,1,32,39,39,19
10,11,32,32,32,32,20,0,57,0,57,1,39,39,32,18
57,12,32,32,32,32,21,22,0,0,57,6,39,32,32,17
0,10,11,32,32,32,32,20,0,57,4,5,39,39,32,19
57,0,12,32,32,32,32,21,22,0,6,39,39,39,27,28
0,57,6,32,32,32,32,27,28,4,5,39,39,32,26,0
0,4,5,32,32,32,32,26,57,6,39,39,39,27,28,57
57,6,32,32,32,32,27,28,4,5,39,39,39,26,57,0
4,5,32,32,32,32,26,57,6,39,39,39,27,28,0,0
3,32,32,32,32,32,18,4,5,39,39,39,26,0,0,0
2,32,32,32,32,32,19,2,39,39,39,39,19,0,57,0
3,32,32,32,32,32,18,3,39,39,39,39,18,0,57,0
1,32,32,32,32,32,17,1,39,39,44,48,17,0,0,0
2,32,32,32,32,32,19,2,39,39,52,96,19,57,0,0
2,32,32,32,32,32,19,2,39,39,39,39,19,57,0,0
2,32,32,32,32,32,19,2,39,39,39,39,18,57,0,0
3,32,32,32,32,32,18,2,39,39,39,39,17,57,0,0
2,32,32,32,32,32,17,3,39,39,39,39,19,57,0,0
3,32,32,32,32,32,19,1,39,39,39,39,19,57,0,0
1,32,32,32,32,32,19,2,39,39,39,39,18,0,0,0
2,32,32,32,32,32,18,2,39,39,39,39,17,57,0,0
2,44,48,32,32,32,17,2,39,39,39,39,19,57,57,0
2,52,96,32,32,32,19,10,11,39,39,39,20,0,57,0
10,11,32,32,32,32,20,0,12,39,39,39,21,22,0,0
0,12,32,32,32,32,21,22,10,11,39,39,39,20,57,57
0,10,11,32,32,32,32,20,0,12,39,39,39,21,22,57
0,0,12,32,32,32,32,21,22,10,11,39,39,39,20,0
57,0,10,11,32,32,32,32,20,57,12,39,39,39,21,22
0,0,0,12,32,32,32,32,21,22,10,11,39,39,39,19
57,57,0,10,11,32,32,32,32,20,57,12,39,39,39,19
57,57,0,0,12,32,32,32,32,21,22,1,39,39,39,18
0,57,57,0,3,32,32,32,32,32,18,2,39,39,39,17
0,0,0,0,2,32,32,32,32,32,19,2,39,39,39,18
0,0,57,57,3,32,32,32,32,32,18,2,39,39,39,19
0,0,57,0,1,32,32,32,32,32,17,2,39,39,39,18
0,0,57,0,2,32,32,32,32,32,19,3,39,39,39,17
0,0,0,57,2,32,32,32,32,32,18,1,39,39,39,19
0,0,0,57,2,32,32,32,32,32,18,2,44,48,39,18
0,0,0,0,1,32,32,32,32,32,19,2,52,96,39,18
0,0,57,0,2,32,32,32,32,32,18,2,39,39,39,18
0,0,0,57,2,32,32,32,32,32,17,1,39,39,39,19
0,0,0,57,2,32,32,32,32,32,19,2,39,39,39,18
0,57,0,0,6,32,32,32,32,27,28,2,39,39,39,17
0,57,0,4,5,32,32,32,32,26,0,2,39,39,39,19
0,57,0,6,32,32,32,32,27,28,57,6,39,39,27,28
0,0,4,5,32,32,32,32,26,57,4,5,39,39,26,0
0,0,6,32,32,32,32,27,28,0,6,39,39,27,28,0
0,4,5,32,32,32,32,26,0,4,5,39,39,26,57,0
0,6,32,32,32,32,27,28,57,6,39,39,27,28,57,57
4,5,32,32,32,32,26,0,4,5,39,39,26,0,57,0
3,32,32,32,44,48,18,0,6,39,39,27,28,57,0,0
2,32,32,32,52,96,19,4,5,39,39,26,0,0,0,0
3,32,32,32,32,32,18,10,11,39,39,20,0,57,0,0
3,32,32,32,32,32,17,0,12,39,39,21,22,57,57,0
2,32,32,32,32,32,18,0,10,11,39,39,20,0,57,0
3,32,32,32,32,32,18,0,57,12,39,39,21,22,0,57
1,32,32,32,32,32,19,0,57,10,11,39,39,20,0,57
2,32,32,32,32,32,18,0,0,0,12,39,39,21,22,57
2,32,32,32,32,32,17,0,0,0,10,11,39,39,20,0
2,32,32,32,32,32,19,57,57,0,0,12,39,39,21,22
1,32,32,32,32,32,18,0,0,0,0,2,39,39,39,17
2,32,32,32,32,32,17,0,57,0,57,2,39,39,39,19
2,32,32,32,32,32,19,0,57,0,0,2,39,39,27,28
2,32,32,32,32,32,20,0,57,0,0,6,39,39,26,0
10,11,32,32,32,32,21,22,0,57,4,5,39,27,28,0
0,12,32,32,32,32,32,20,0,0,6,39,39,26,0,0
0,10,11,32,32,32,32,21,22,4,5,39,27,28,0,0
0,0,12,32,32,32,32,32,20,6,39,39,26,0,63,0
0,0,10,70,71,32,32,32,21,5,39,27,28,0,76,77
63,0,0,68,69,32,32,32,32,32,32,26,0,0,78,79
0,0,0,10,11,32,32,32,32,32,32,20,0,0,63,0
0,74,75,0,12,32,32,32,32,32,32,21,22,0,0,0
0,72,73,63,10,11,32,32,32,32,44,48,20,0,76,77
0,0,0,0,0,12,32,32,32,32,52,96,21,22,78,79
0,76,77,0,0,10,70,71,32,32,32,32,32,20,0,0
0,78,79,74,75,0,68,69,32,32,32,32,32,21,22,0
0,0,0,72,73,0,10,11,32,32,32,32,32,32,20,0
0,76,77,0,0,63,0,12,32,32,32,32,32,32,21,22
0,78,79,0,0,0,0,10,11,32,32,32,32,32,32,18
0,0,0,74,75,0,0,0,12,32,32,32,32,32,32,19
0,0,0,72,73,0,0,63,10,70,71,32,32,32,32,18
0,0,0,0,0,0,0,0,0,68,69,32,32,32,32,17
0,0,0,0,0,0,74,75,0,10,11,32,32,32,32,19
0,0,74,75,0,0,72,73,0,0,12,32,32,32,32,18
0,0,72,73,0,76,77,0,0,0,1,32,32,32,32,17
0,0,0,0,0,78,79,0,76,77,2,32,32,32,32,19
76,77,0,0,0,0,0,63,78,79,2,32,32,32,32,18
78,79,0,0,76,77,0,0,0,0,2,32,32,32,32,19
0,0,0,0,78,79,0,0,0,63,1,32,32,32,32,18
0,0,0,0,0,0,74,75,0,0,3,32,32,32,32,17
0,0,76,77,0,0,72,73,0,0,3,32,32,32,32,19
0,0,78,79,0,0,0,0,63,0,3,32,32,32,32,18
0,0,0,0,0,74,75,0,0,0,2,32,32,32,32,18
0,0,0,0,0,72,73,76,77,0,3,32,32,32,32,18
0,0,0,0,0,0,0,78,79,0,1,32,32,32,32,19
0,0,74,75,0,0,0,0,0,0,2,32,32,32,32,18
0,0,72,73,0,0,0,0,74,75,2,32,32,32,32,17
0,0,0,0,74,75,0,0,72,73,2,32,32,32,32,19
0,0,0,0,72,73,0,0,0,0,6,32,32,32,32,18
76,77,0,0,0,0,0,0,63,4,5,32,32,64,65,28
78,79,0,0,0,74,75,0,0,6,32,32,32,66,67,0
0,0,0,0,0,72,73,0,4,5,32,32,32,27,28,0
0,0,0,0,0,0,0,0,6,32,32,32,32,26,0,0
0,0,0,0,0,63,63,4,5,32,32,32,27,28,0,0
0,0,76,77,0,0,0,6,32,32,32,32,26,0,63,0
0,0,78,79,0,0,4,5,32,32,64,65,28,0,0,0
0,0,0,0,0,0,6,32,32,32,66,67,0,76,77,0
0,0,0,0,63,4,5,32,32,32,27,28,0,78,79,0
0,0,76,77,0,6,32,32,32,32,26,0,0,0,0,0
0,0,78,79,4,5,32,32,32,32,20,63,0,74,75,0
0,0,0,0,10,11,32,32,32,32,21,22,0,72,73,0
0,0,0,63,0,12,32,32,32,32,32,20,0,0,0,0
0,0,0,0,0,10,11,32,32,32,32,21,22,0,0,63
0,0,0,0,0,0,12,32,32,32,32,32,20,0,0,0
0,74,75,0,63,0,10,70,71,32,32,32,21,22,0,0
0,72,73,0,0,0,0,68,69,32,32,32,32,18,0,0
0,0,0,0,0,0,0,3,32,32,32,32,32,18,76,77
0,0,0,0,74,75,0,2,32,32,32,32,32,18,78,79
0,0,0,0,72,73,0,3,32,32,32,32,32,19,0,0
0,0,0,0,0,0,0,1,32,32,32,32,32,18,63,0
0,0,76,77,0,63,0,2,32,32,32,32,32,17,0,0
0,0,78,79,0,0,0,3,32,32,32,32,32,18,0,0
0,0,0,0,0,76,77,2,32,32,32,32,32,18,0,0
0,0,0,0,0,78,79,3,32,32,32,32,32,18,63,0
74,75,0,0,0,0,0,1,32,32,32,32,32,19,0,0
72,73,0,0,0,0,63,2,32,32,32,32,32,18,0,0
0,0,0,0,0,0,0,2,32,32,32,32,32,17,76,77
0,0,0,74,75,63,0,6,32,32,32,64,65,28,78,79
0,0,0,72,73,0,4,5,32,32,32,66,67,0,0,0
0,0,0,0,0,0,6,32,32,32,32,27,28,0,0,0
76,77,0,76,77,4,5,32,32,32,32,26,0,0,0,0
78,79,0,78,79,6,32,32,32,32,27,28,63,0,0,0
0,0,0,0,4,5,32,32,32,32,26,0,0,0,74,75
0,0,0,0,6,32,32,32,64,65,28,76,77,0,72,73
0,0,63,4,5,32,32,32,66,67,0,78,79,0,0,0
0,0,0,6,32,32,32,32,27,28,0,0,0,0,0,0
0,0,4,5,32,32,32,32,26,0,0,0,0,63,0,0
83,0,3,32,32,32,32,32,18,0,0,84,0,0,0,0
0,83,2,32,32,32,32,32,18,84,84,85,86,0,0,0
84,83,3,32,32,32,32,32,18,84,0,0,85,86,0,0
0,83,1,32,32,32,32,32,19,84,0,84,0,83,83,0
83,84,2,32,32,32,32,32,18,0,0,0,84,85,86,0
85,86,2,32,32,32,32,32,17,0,0,83,84,0,85,86
0,0,3,44,48,32,32,32,18,83,0,83,0,84,85,86
83,0,1,52,96,32,32,32,19,83,83,0,0,0,0,0
0,83,2,32,32,32,32,32,18,0,0,84,0,0,85,86
85,86,2,32,32,32,32,32,17,83,0,0,84,0,0,0
178,177,184,32,32,32,32,32,186,83,0,0,84,0,83,0
178,179,185,32,36,32,36,32,186,176,83,0,83,84,83,0
179,178,184,32,32,36,32,32,187,178,83,83,0,0,83,0
179,180,185,32,36,32,32,36,186,180,176,83,85,86,86,83
179,180,184,32,32,36,32,36,186,180,180,178,179,178,179,178
179,180,185,32,36,32,36,32,187,179,180,181,179,178,179,178
178,180,184,32,36,32,32,32,186,179,179,181,179,178,179,178
179,178,184,120,120,120,120,120,186,178,179,181,180,178,178,178
179,180,148,126,116,116,116,116,127,151,178,179,181,179,178,179
180,178,178,185,36,36,36,36,36,186,178,180,179,178,181,179
178,180,178,184,32,36,36,32,36,186,178,180,178,181,178,179
180,179,178,184,36,32,36,36,32,186,180,181,181,179,178,179
178,179,178,185,36,32,36,36,36,186,181,178,180,179,180,181
178,179,178,184,36,32,36,36,36,187,181,178,178,180,179,181
178,180,178,185,36,32,36,36,36,186,179,179,178,180,179,181
178,180,178,184,36,32,32,36,36,186,178,180,178,180,179,181
178,180,181,184,36,36,36,36,36,187,180,180,179,178,180,181
180,178,181,184,36,36,36,36,36,186,179,180,180,180,181,181
180,181,178,185,36,36,36,32,32,186,179,181,180,180,181,179
179,178,180,184,36,32,36,36,36,187,179,180,178,180,181,179
181,178,180,185,36,36,36,36,36,186,178,181,178,181,178,179
178,180,179,184,36,36,32,36,36,186,178,181,181,181,178,179
178,181,178,185,36,36,36,36,36,187,178,179,181,179,180,181
178,181,180,184,36,36,36,36,36,186,180,178,181,179,179,181
179,178,180,148,192,36,36,36,36,194,180,180,178,181,179,181
178,181,180,178,193,36,32,36,36,195,151,180,180,179,181,178
180,181,180,178,148,192,36,36,36,36,194,178,178,180,178,179
178,179,178,178,178,193,36,36,32,36,195,151,178,178,178,178
178,179,178,178,178,148,192,36,32,36,36,194,178,179,178,178
178,179,178,178,178,178,193,36,36,36,36,195,151,179,178,178
178,179,178,178,179,178,185,32,32,39,39,39,186,179,178,178
178,178,178,178,179,178,185,39,39,39,39,39,186,178,179,178
178,179,178,178,179,178,184,39,39,39,39,39,186,178,178,178
178,178,179,179,178,178,185,39,32,39,39,39,187,178,179,178
178,178,179,179,178,178,184,39,32,39,39,39,186,178,178,179
178,178,179,179,178,179,185,39,39,32,39,39,186,179,178,178
179,179,178,178,178,178,184,39,39,39,39,39,186,179,178,178
178,178,179,179,178,178,185,39,39,39,39,39,187,178,179,178
178,178,178,179,178,178,185,39,39,39,39,39,186,178,178,178
178,178,179,179,179,178,184,39,39,39,39,39,186,179,178,178
178,179,179,178,179,178,185,39,39,39,39,39,187,179,178,178
178,179,178,178,178,178,184,39,39,39,39,39,186,179,178,178
178,179,178,179,178,178,185,39,39,39,39,39,186,178,179,178
179,179,178,179,179,178,184,39,39,39,39,39,186,179,179,178
179,179,179,178,179,178,185,39,39,39,39,39,187,179,178,179
179,179,178,179,178,179,184,120,120,120,120,120,186,179,178,179
178,178,181,178,178,179,148,126,116,116,116,116,127,151,181,176
177,176,0,177,178,181,178,185,36,36,32,36,32,186,85,86
0,0,84,84,85,86,177,184,36,32,36,32,36,186,84,0
85,86,0,84,0,0,177,185,32,36,32,36,32,187,84,0
0,84,83,83,84,0,0,184,36,32,32,32,36,186,84,0
0,84,0,0,83,84,0,3,32,32,36,32,32,18,83,0
0,84,0,0,83,0,63,1,32,32,32,32,32,19,83,0
83,84,0,85,86,83,0,2,32,32,32,32,32,18,63,83
84,83,0,0,84,84,0,2,32,32,32,32,32,17,0,0
84,83,0,84,0,84,0,2,216,220,32,32,32,19,85,86
0,63,83,0,0,84,0,6,32,32,32,32,27,28,0,0
0,0,83,0,0,63,4,5,32,32,32,32,26,0,83,0
85,86,0,83,83,0,6,32,32,32,32,27,28,83,0,0
0,0,0,83,0,4,5,32,32,32,32,26,0,0,0,0
0,83,0,0,0,6,32,32,32,32,27,28,63,85,86,0
83,0,63,0,4,5,32,32,32,32,26,0,0,0,0,63
0,0,0,0,6,32,32,32,64,65,28,85,86,0,0,0
74,75,0,4,5,32,32,32,66,67,0,0,0,0,0,0
72,73,0,6,32,32,32,32,27,28,0,63,0,0,0,0
0,0,4,5,32,32,32,32,26,0,0,0,0,74,75,0
0,0,3,32,32,32,216,220,18,63,0,0,0,72,73,0
0,63,2,32,32,32,32,32,19,0,76,77,0,63,0,0
0,0,3,32,32,32,32,32,18,0,78,79,0,0,0,0
76,77,1,32,32,32,32,32,17,76,77,0,0,0,0,0
78,79,2,32,32,32,32,32,19,78,79,0,0,0,76,77
0,0,2,32,32,32,32,32,18,0,0,74,75,0,78,79
63,0,2,200,239,204,32,32,19,0,0,72,73,0,0,63
0,0,2,32,32,32,32,32,18,63,0,0,0,0,0,0
0,0,3,32,32,32,32,32,17,0,0,0,0,76,77,0
76,77,2,32,32,32,32,32,19,0,76,77,0,78,79,0
78,79,3,32,32,32,136,140,146,147,78,79,0,0,0,0
0,0,1,32,32,32,32,32,19,63,0,0,0,0,0,0
0,63,2,32,32,32,32,32,18,74,75,0,0,74,75,0
0,0,2,32,32,32,32,32,17,72,73,0,63,72,73,0
0,0,2,32,32,32,32,32,19,0,0,0,0,0,0,0
76,77,10,11,32,32,32,32,20,0,63,0,0,0,63,0
78,79,0,12,32,32,32,32,21,22,0,0,74,75,0,0
0,74,75,10,70,71,32,32,32,20,0,0,72,73,0,0
0,72,73,0,68,69,32,32,32,21,22,63,0,0,0,0
0,76,77,0,10,11,32,32,32,32,20,0,0,0,63,0
0,78,79,0,0,12,32,32,32,32,21,22,76,77,0,0
0,0,0,63,0,10,11,32,32,32,32,20,78,79,74,75
0,0,0,74,75,0,12,32,32,32,32,21,22,0,72,73
76,77,0,72,73,0,10,70,71,32,32,32,20,0,0,0
78,79,0,63,0,74,75,68,69,32,32,32,21,22,63,0
0,0,0,0,0,72,73,10,11,32,32,32,32,18,0,0
63,0,74,75,63,0,0,0,12,32,32,32,32,18,0,0
0,0,72,73,0,0,0,63,10,11,32,32,32,17,76,77
0,0,0,0,76,77,0,0,0,12,32,32,32,19,78,79
0,0,0,0,78,79,74,75,0,3,32,32,32,17,0,63
0,76,77,63,0,0,72,73,0,1,32,32,32,17,0,0
0,78,79,0,0,76,77,0,63,2,32,32,32,17,63,0
0,0,0,74,75,78,79,76,77,2,32,32,32,18,74,75
0,63,0,72,73,0,0,78,79,2,32,32,32,17,72,73
76,77,0,0,0,0,0,0,0,2,32,32,32,17,0,0
78,79,0,160,161,161,161,161,162,3,32,32,32,19,63,0
0,0,0,163,165,164,165,164,167,241,32,32,32,249,0,111
0,0,63,163,166,164,166,164,168,242,58,59,60,248,110,106
0,0,63,0,0,0,63,0,0,242,32,32,32,248,110,106
0,0,0,63,0,0,0,74,75,242,196,196,196,248,110,109
0,0,74,75,0,0,0,72,73,3,32,32,32,19,63,0
0,0,72,73,0,0,63,0,0,2,32,32,32,18,0,0
