673,152,80,,,,,,,,,,,,,
0,64,65,0,7,80,82,81,80,81,23,0,0,0,0,0
96,66,67,7,8,224,225,226,227,228,24,23,96,0,96,0
97,68,69,2,16,229,230,231,232,233,16,19,97,0,97,96
0,0,140,141,142,16,16,16,16,16,235,236,237,0,0,97
96,0,143,175,191,16,16,16,16,16,238,239,251,0,0,0
97,0,207,255,16,16,16,16,16,16,16,252,253,96,0,96
0,0,96,1,16,16,16,16,16,16,16,17,0,97,0,97
0,0,97,2,16,16,16,16,16,16,16,19,0,0,0,0
96,64,65,2,16,16,16,16,16,16,16,18,96,0,70,71
97,66,67,3,16,16,16,16,16,16,16,18,97,0,72,73
96,68,69,3,16,16,16,16,16,16,16,19,0,0,74,75
97,0,0,3,16,16,16,16,16,16,16,18,96,0,0,96
0,70,71,3,16,16,16,16,16,16,16,18,97,0,0,97
96,72,73,240,243,244,245,246,247,244,243,248,0,96,0,0
97,74,75,241,16,16,16,16,16,16,16,249,0,97,64,65
96,0,0,242,61,79,79,79,79,79,61,249,0,96,66,67
97,0,96,1,16,16,16,16,16,16,16,19,0,97,68,69
0,0,97,3,16,16,16,16,16,16,235,236,237,0,0,0
0,0,0,2,16,16,16,16,16,16,238,239,251,96,0,0
0,0,96,3,16,16,16,16,16,16,16,252,253,97,0,96
0,96,97,1,16,16,16,16,16,16,16,17,0,0,0,97
0,97,0,2,16,16,16,16,16,16,16,19,0,0,96,0
0,96,140,141,142,16,16,16,16,16,16,18,96,0,97,0
96,97,143,175,191,16,16,16,16,16,16,18,97,0,64,65
97,0,207,255,16,16,16,16,16,16,16,19,0,0,66,67
0,0,0,1,16,16,16,16,16,16,16,18,70,71,68,69
64,65,0,2,16,16,16,16,16,16,16,17,72,73,0,0
66,67,0,2,16,16,16,16,16,16,16,19,74,75,0,0
68,69,0,2,16,16,16,16,16,16,16,18,0,0,96,0
0,0,96,3,16,16,16,195,196,197,198,19,0,0,97,0
0,0,97,3,16,16,16,199,200,201,202,18,96,64,65,0
64,65,140,141,142,16,16,16,16,16,16,17,97,66,67,0
66,67,143,175,191,16,16,16,16,16,16,19,0,68,69,0
68,69,207,255,16,16,16,16,16,16,16,18,70,71,0,0
0,70,71,2,16,16,16,16,16,16,16,17,72,73,0,0
0,72,73,2,16,16,16,16,16,16,16,19,74,75,64,65
0,74,75,2,16,16,16,16,16,16,30,31,0,0,66,67
96,0,7,8,16,16,16,16,16,29,31,0,96,0,68,69
97,7,8,16,16,16,16,16,30,31,0,0,97,0,0,0
7,8,16,16,16,16,16,29,31,0,64,65,0,0,0,0
13,14,16,16,16,16,16,25,23,0,66,67,0,0,0,96
0,13,15,16,16,16,16,16,24,23,68,69,70,71,0,97
0,0,13,14,16,16,16,16,16,25,23,0,72,73,0,0
0,64,65,13,15,16,16,16,16,16,24,23,74,75,64,65
0,66,67,0,13,14,16,16,16,16,16,25,23,0,66,67
0,68,69,96,0,13,15,16,16,16,16,16,24,23,68,69
0,96,0,97,0,0,13,14,16,16,16,16,16,25,23,0
0,97,0,64,65,0,0,13,15,16,16,16,16,16,24,23
0,0,0,66,67,0,0,7,8,16,16,16,16,16,30,31
0,70,71,68,69,0,7,8,16,16,16,16,16,29,31,0
0,72,73,0,0,7,8,16,16,16,16,16,30,31,96,0
0,74,75,0,7,8,16,16,16,16,16,29,31,0,97,0
0,0,0,7,8,16,16,16,16,16,30,31,0,0,0,0
96,0,7,8,16,16,16,16,16,29,31,0,64,65,0,0
97,0,3,16,16,16,16,16,235,236,237,0,66,67,96,0
70,71,3,16,16,16,16,16,238,239,251,0,68,69,97,0
72,73,3,16,16,16,16,16,16,252,253,96,0,0,0,0
74,75,2,16,16,16,16,16,16,17,0,97,96,0,0,0
0,0,3,16,16,16,16,16,16,19,0,0,97,0,0,0
96,0,1,16,16,39,53,40,16,19,64,65,0,0,70,71
97,0,141,142,37,38,16,41,42,18,66,67,0,0,72,73
0,96,175,191,16,16,16,16,16,17,68,69,0,0,74,75
0,97,255,16,16,16,16,16,16,19,0,0,96,0,0,0
70,71,13,14,16,16,16,16,16,25,23,0,97,0,64,65
72,73,0,13,15,16,16,16,16,16,24,23,0,0,66,67
74,75,0,0,13,14,16,16,16,16,16,25,23,0,68,69
0,0,0,96,0,13,15,16,16,16,16,16,24,23,0,0
0,64,65,97,0,0,3,137,129,130,16,16,235,236,237,0
0,66,67,0,0,0,3,131,132,133,16,16,238,239,251,0
0,68,69,0,0,96,3,131,132,133,16,16,16,252,253,0
0,0,0,0,0,97,2,138,132,133,16,16,16,19,0,0
0,0,0,0,0,0,3,134,135,139,16,16,16,18,0,0
0,96,0,0,96,140,141,142,16,16,16,16,16,19,70,71
0,97,70,71,97,143,175,191,16,16,16,16,16,18,72,73
0,0,72,73,0,207,255,16,16,16,16,16,16,17,74,75
0,0,74,75,96,0,2,16,16,16,16,16,16,19,0,0
64,65,0,0,97,7,8,16,16,16,16,16,30,31,0,0
66,67,0,0,7,8,16,16,16,16,16,29,31,0,64,65
68,69,0,7,8,16,16,16,16,16,30,31,0,96,66,67
0,0,7,8,16,16,16,16,16,29,31,0,0,97,68,69
0,7,8,16,16,16,16,16,30,31,0,0,0,0,0,96
7,8,16,16,16,16,16,29,31,96,0,64,65,0,0,97
13,14,16,16,16,16,16,25,23,97,0,66,67,0,0,0
96,13,15,16,16,16,16,16,24,23,0,68,69,0,0,0
97,0,141,142,16,16,16,16,16,18,0,96,0,0,70,71
70,71,175,191,16,16,16,16,16,19,0,97,0,0,72,73
72,73,255,16,16,16,16,16,235,236,237,0,0,0,74,75
74,75,1,16,16,16,16,16,238,239,251,64,65,96,0,0
0,0,2,16,16,16,16,16,16,252,253,66,67,97,0,0
0,0,2,16,16,39,53,40,16,19,0,68,69,0,0,0
0,0,2,16,37,38,16,41,42,18,0,0,0,0,0,0
70,71,2,16,16,16,16,16,16,17,70,71,96,0,64,65
72,73,141,142,16,16,16,16,16,19,72,73,97,0,66,67
74,75,175,191,16,16,16,16,16,19,74,75,0,0,68,69
0,0,255,16,16,16,16,16,16,18,0,64,65,0,0,0
96,0,2,16,16,16,16,16,16,17,96,66,67,0,0,0
97,0,2,16,16,16,16,16,16,19,97,68,69,0,0,0
64,65,13,14,16,16,16,16,16,25,23,0,0,0,0,0
66,67,0,13,15,16,16,16,16,16,24,23,0,96,70,71
68,69,0,96,13,14,16,16,16,16,16,25,23,97,72,73
0,70,71,97,0,13,15,16,16,16,16,16,24,23,74,75
0,72,73,0,0,0,13,14,16,16,16,16,16,25,23,0
0,74,75,0,0,96,0,13,15,16,16,16,16,16,24,23
0,0,0,64,65,97,0,140,141,142,16,16,16,16,16,18
0,0,0,66,67,0,0,143,175,191,16,16,16,16,16,19
0,0,0,68,69,0,0,207,255,16,16,16,16,16,16,18
96,0,0,0,0,0,0,0,1,16,16,16,137,129,130,17
97,0,0,0,0,96,0,0,2,16,16,16,131,132,133,19
0,0,0,0,0,97,0,0,2,16,16,16,131,132,133,18
0,70,71,96,0,64,65,0,2,16,16,16,138,132,133,19
0,72,73,97,0,66,67,0,2,16,16,16,134,135,139,18
0,74,75,0,0,68,69,0,3,16,32,33,34,16,16,18
0,0,0,0,0,0,0,0,1,16,16,16,16,16,235,236
0,0,0,0,70,71,0,0,2,16,16,16,16,16,238,239
0,64,65,0,72,73,96,0,2,16,16,16,16,16,16,252
0,66,67,0,74,75,97,0,2,16,16,16,16,16,16,19
0,68,69,0,0,0,0,7,8,16,16,16,16,16,30,31
0,0,0,96,0,0,7,8,16,16,16,16,16,29,31,0
0,0,0,97,0,7,8,16,16,16,16,16,30,31,70,71
0,0,0,0,7,8,16,16,16,16,16,29,31,0,72,73
0,96,0,7,8,16,16,16,16,16,30,31,0,0,74,75
96,97,7,8,16,16,16,16,16,29,31,0,0,0,0,0
97,7,8,16,16,16,16,16,30,31,70,71,64,65,0,0
7,8,192,193,194,16,16,29,31,0,72,73,66,67,0,0
13,14,16,16,16,16,16,24,23,0,74,75,68,69,0,0
0,13,15,16,16,16,16,16,25,23,0,0,0,0,70,71
0,0,13,14,16,16,16,16,16,24,23,0,96,0,72,73
0,96,0,13,15,16,16,16,16,16,24,23,97,0,74,75
0,97,0,0,13,14,16,16,16,16,16,25,23,0,0,0
0,64,65,0,0,13,15,16,16,16,16,16,24,23,0,0
0,66,67,0,70,71,13,14,16,16,16,16,16,25,23,0
0,68,69,0,72,73,0,13,15,16,16,16,16,16,24,23
0,0,0,0,74,75,0,96,3,16,16,16,16,16,16,18
0,0,0,0,0,0,0,97,3,16,16,16,16,16,16,19
96,0,0,0,64,65,0,0,2,137,129,130,16,16,16,18
97,0,0,0,66,67,0,0,3,131,132,133,16,16,235,236
0,0,0,0,68,69,0,0,1,131,132,133,16,16,238,239
0,70,71,0,0,0,0,96,2,138,132,133,16,16,16,252
0,72,73,0,0,0,0,97,2,134,135,139,16,16,16,17
0,74,75,0,70,71,0,0,2,16,32,33,34,16,16,19
0,0,0,0,72,73,0,7,8,16,16,16,16,16,30,31
0,64,65,0,74,75,7,8,16,16,16,16,16,29,31,0
0,66,67,0,0,7,8,16,16,16,16,16,30,31,0,0
0,68,69,0,7,8,16,16,16,16,16,29,31,0,70,71
96,0,0,7,8,16,16,16,16,16,30,31,96,0,72,73
97,0,7,8,16,16,16,16,16,29,31,0,97,0,74,75
0,7,8,16,16,128,130,16,30,31,0,0,64,65,0,0
7,8,16,16,16,134,136,29,31,0,96,0,66,67,0,0
13,14,16,16,16,16,16,25,23,0,97,0,68,69,0,0
0,13,15,16,16,16,16,16,24,23,0,0,0,0,0,0
0,96,13,14,16,16,16,16,16,25,23,0,70,71,0,0
0,97,0,13,15,16,16,16,16,16,24,23,72,73,0,0
0,0,0,0,3,16,16,16,16,16,16,18,74,75,0,0
0,64,65,0,2,16,16,16,16,16,16,18,0,0,0,0
0,66,67,0,3,16,16,195,196,197,198,18,0,0,0,0
0,68,69,0,1,16,16,199,200,201,202,19,0,0,64,65
0,0,0,0,2,16,16,16,16,16,235,236,237,0,66,67
70,71,0,0,2,16,16,16,16,16,238,239,251,0,68,69
72,73,0,140,141,142,16,16,16,16,16,252,253,0,0,0
74,75,0,143,175,191,16,16,16,16,16,18,70,71,96,0
0,0,0,207,255,16,16,16,16,16,16,18,72,73,97,0
70,71,0,0,3,16,16,16,16,16,16,18,74,75,0,0
72,73,0,96,1,16,16,16,16,16,16,19,0,0,96,0
74,75,0,97,2,16,16,16,16,16,16,18,64,65,97,0
0,0,0,0,2,16,16,16,16,16,16,17,66,67,0,0
0,64,65,140,141,142,32,33,34,16,16,19,68,69,0,0
0,66,67,143,175,191,16,16,16,16,16,18,0,0,0,0
0,68,69,207,255,16,16,16,16,16,16,18,0,0,70,71
0,0,0,0,3,16,16,16,16,16,235,236,237,0,72,73
96,0,0,0,1,16,16,16,16,16,238,239,251,0,74,75
97,160,161,0,2,16,16,16,16,16,16,252,253,0,0,0
0,162,163,0,2,16,16,16,16,16,16,17,0,176,177,0
0,184,185,0,2,16,16,16,16,16,16,19,0,178,179,0
0,169,187,0,6,16,16,27,11,16,16,22,0,168,169,0
0,0,0,4,5,16,16,26,12,16,16,21,20,170,186,0
0,96,0,6,16,16,27,28,10,11,16,16,22,0,0,0
0,97,4,5,16,16,26,0,96,12,16,16,21,20,96,0
0,0,6,16,16,27,28,0,97,10,11,16,16,22,97,0
0,4,5,16,16,26,0,96,0,0,12,16,16,21,20,0
0,6,16,16,27,28,0,97,0,0,10,11,16,16,22,0
4,5,16,16,26,0,160,181,164,177,0,12,16,16,21,20
1,16,16,16,17,0,162,163,178,179,0,1,16,16,16,17
204,188,188,188,206,206,206,206,204,204,204,204,188,188,188,206
203,189,189,189,205,189,189,189,189,189,189,203,189,189,189,205
203,189,189,189,205,189,189,189,189,189,189,203,189,189,189,205
203,190,189,190,205,189,190,189,190,189,189,203,190,189,190,205
203,189,189,189,205,189,189,189,189,189,189,203,189,189,189,205
203,189,189,189,205,189,189,189,189,189,189,203,189,189,189,205
204,188,188,188,206,206,206,206,204,204,204,204,188,188,188,206
1,16,16,16,19,0,162,163,178,179,0,1,16,16,16,19
1,16,16,16,19,0,176,165,180,161,0,1,16,16,16,19
2,16,16,16,18,0,178,179,162,183,0,2,16,16,16,18
2,16,16,16,17,0,168,169,184,185,0,2,16,16,16,17
2,16,16,16,19,0,170,186,171,187,0,2,16,16,16,19
10,11,16,16,22,0,0,0,0,0,0,6,16,16,27,28
0,12,16,16,21,20,0,160,161,0,4,5,16,16,26,0
0,10,11,16,16,22,0,162,163,0,6,16,16,27,28,0
0,0,12,16,16,21,20,184,185,4,5,16,16,26,0,0
0,0,10,11,16,16,22,169,187,10,11,16,16,22,0,0
0,0,0,12,16,16,21,20,0,0,12,16,16,21,20,0
0,160,161,10,11,16,16,22,0,0,10,11,16,16,22,0
0,162,163,0,12,16,16,21,20,0,0,12,16,16,21,20
0,184,185,0,10,11,16,16,22,0,0,3,93,16,16,19
0,169,187,164,177,12,16,16,21,20,0,1,92,16,16,18
0,0,0,178,179,10,11,16,16,22,0,2,93,16,16,17
0,0,0,180,161,0,12,16,16,21,20,2,93,16,16,19
0,0,0,162,183,0,3,16,16,16,18,2,92,16,16,18
0,0,0,164,165,0,3,92,16,16,19,2,93,16,16,19
0,0,0,178,179,0,2,93,16,16,18,3,92,16,16,18
0,0,0,180,161,0,3,92,16,16,18,1,92,16,16,17
0,0,0,162,183,0,1,16,16,16,19,2,93,16,16,19
0,0,0,164,165,0,2,16,16,16,18,2,92,16,16,18
0,0,0,178,179,0,2,16,16,16,17,2,93,16,16,18
0,0,0,180,161,0,2,16,16,16,17,1,16,16,16,19
0,0,0,162,183,0,6,16,16,27,28,2,172,173,174,18
0,0,160,161,185,4,5,16,16,26,0,2,16,16,16,17
0,0,162,163,187,6,16,16,27,28,0,2,16,16,16,19
0,160,161,185,4,5,16,16,26,0,0,6,16,16,27,28
0,162,163,187,6,16,16,27,28,0,4,5,16,16,26,0
0,184,185,4,5,16,16,26,0,0,10,11,16,16,22,0
0,169,187,6,16,16,27,28,160,161,0,12,16,16,21,20
0,0,4,5,16,16,26,0,162,163,0,6,16,16,27,28
0,0,6,16,16,27,28,0,184,185,4,5,16,16,26,0
0,4,5,16,16,26,160,161,169,187,6,16,16,27,28,0
0,6,16,16,27,28,162,163,0,4,5,16,16,26,160,181
4,5,16,16,26,0,184,185,0,6,16,16,27,28,162,163
10,11,16,16,22,0,169,187,4,5,16,16,26,0,176,165
0,12,16,16,21,20,0,0,10,11,16,16,22,0,178,179
0,10,11,16,16,22,0,0,0,12,16,16,21,20,168,169
160,161,12,16,16,21,20,0,0,10,11,16,16,22,170,186
162,163,3,16,16,16,18,0,176,177,12,16,16,21,20,0
184,185,2,16,16,16,19,0,178,179,10,11,16,16,22,0
169,187,3,16,16,16,18,0,168,169,0,12,16,16,21,20
0,0,1,16,16,16,19,0,170,186,0,6,16,16,27,28
176,177,2,16,16,16,18,176,177,0,4,5,16,16,26,0
178,179,2,172,173,174,17,178,179,0,6,16,16,27,28,0
168,169,2,16,16,16,19,168,169,4,5,16,16,26,160,181
170,186,10,11,16,16,22,170,186,6,16,16,27,28,162,163
0,0,0,12,16,16,21,20,4,5,16,16,26,0,176,165
164,177,0,10,11,16,16,22,10,11,16,16,22,0,178,179
178,179,0,0,12,16,16,21,20,12,16,16,21,20,168,169
180,161,0,0,3,16,16,92,18,10,11,16,16,22,170,186
162,183,0,0,3,16,16,93,19,0,12,16,16,21,20,0
164,165,0,0,2,16,16,93,18,0,10,11,16,16,22,0
178,179,0,0,3,16,16,93,17,0,0,12,16,16,21,20
180,161,0,0,1,16,16,92,19,0,0,6,16,16,27,28
162,183,0,0,2,16,16,93,18,0,4,5,16,16,26,0
164,165,0,0,2,16,16,92,17,0,6,16,16,27,28,0
178,179,0,0,2,16,16,92,19,4,5,16,16,26,0,0
180,161,0,0,6,16,16,27,28,6,16,16,27,28,0,0
162,183,0,4,5,16,16,26,4,5,16,16,26,0,0,0
184,185,0,6,16,16,27,28,6,16,16,27,28,176,177,0
171,187,4,5,16,16,26,4,5,16,16,26,0,178,179,0
0,0,6,16,16,27,28,6,16,16,27,28,0,180,161,0
0,4,5,16,16,26,4,5,16,16,26,0,0,162,163,0
0,6,16,16,27,28,6,16,16,27,28,0,160,161,185,0
4,5,16,92,26,4,5,16,16,26,0,0,162,183,187,0
3,16,16,93,18,10,11,16,16,22,0,0,176,165,0,0
2,16,16,93,19,0,12,16,16,21,20,0,178,179,0,0
3,16,16,92,18,0,10,11,16,16,22,0,168,176,177,0
1,16,16,16,17,0,0,12,16,16,21,20,170,178,179,0
2,16,16,16,19,0,0,10,11,16,16,22,0,168,164,177
2,16,16,16,19,0,164,177,12,16,16,21,20,170,178,179
2,16,16,16,18,0,178,179,10,11,16,16,22,0,168,184
1,172,173,174,19,0,180,161,0,12,16,16,21,20,170,186
2,16,16,16,18,0,162,183,0,10,11,16,16,22,0,0
2,16,16,16,17,0,176,165,0,0,12,16,16,21,20,0
2,16,16,16,19,0,178,179,0,0,10,11,16,16,22,0
10,11,16,16,22,0,168,176,177,0,0,12,92,16,21,20
0,12,16,16,21,20,170,178,179,0,0,3,93,16,16,18
0,10,11,16,16,22,0,168,176,177,0,2,93,16,16,19
0,0,12,16,16,21,20,170,178,179,0,3,92,16,16,18
0,0,10,11,16,16,22,0,168,164,177,1,16,16,16,19
0,0,0,12,16,16,21,20,170,178,179,2,16,16,16,18
0,0,0,10,11,16,16,22,0,168,184,2,16,16,16,17
0,0,0,0,12,16,16,21,20,170,186,2,16,16,16,19
0,176,177,0,10,11,16,16,22,0,0,6,16,16,27,28
0,178,179,0,0,12,16,16,21,20,4,5,16,16,26,0
0,168,164,177,0,10,11,16,16,22,6,16,16,27,28,0
0,170,178,179,0,0,12,16,16,21,5,16,16,26,0,0
0,0,180,161,0,0,6,16,16,16,16,16,16,22,0,0
0,0,182,183,0,4,5,16,16,16,16,16,16,21,20,0
0,160,161,185,0,6,16,16,16,16,16,16,16,16,22,0
0,182,183,187,4,5,16,16,16,16,27,11,16,16,21,20
160,161,185,0,6,16,16,16,16,16,26,12,92,16,16,18
182,183,187,4,5,16,16,16,16,92,17,2,93,16,16,17
169,185,0,6,16,16,16,16,16,93,18,3,93,16,16,19
171,187,4,5,16,27,11,16,16,93,19,2,92,16,16,19
0,0,6,16,92,26,12,16,16,93,18,3,92,16,16,18
0,4,5,16,93,17,1,16,16,93,17,1,16,16,16,17
0,2,16,16,92,18,2,16,16,92,19,2,16,16,16,19
0,2,16,16,16,17,2,16,16,16,19,2,16,16,16,18
0,2,16,16,16,19,2,16,16,16,17,2,16,16,16,17
0,6,16,16,27,28,2,16,16,16,19,2,16,16,16,19
4,5,16,16,26,0,6,16,16,27,28,6,16,16,27,28
3,16,16,16,18,4,5,16,16,26,4,5,16,16,26,0
1,92,16,16,17,3,16,16,16,18,10,11,16,16,22,0
2,93,16,16,19,3,16,16,16,19,0,12,16,16,21,20
2,93,16,16,18,2,172,173,174,18,0,3,16,16,16,18
2,92,16,16,19,3,16,16,16,18,0,1,16,16,16,17
3,16,16,16,18,1,92,16,16,19,0,2,16,16,16,19
2,16,16,16,17,2,93,16,16,18,0,2,172,173,174,18
3,16,16,16,19,2,92,16,16,17,0,2,16,16,16,19
1,16,16,16,19,2,16,16,27,28,0,2,16,16,16,18
10,11,16,16,22,6,16,16,26,0,0,3,16,16,92,18
0,12,16,16,21,5,16,27,28,176,177,1,16,16,93,19
0,10,11,16,16,16,16,26,0,178,179,2,16,16,92,18
0,0,12,16,16,16,16,22,0,168,184,2,16,16,92,17
0,0,6,16,16,16,16,21,20,170,186,2,16,16,16,19
0,4,5,16,27,11,16,16,22,0,0,6,16,16,27,28
0,6,16,16,26,12,16,16,21,20,4,5,16,16,26,0
4,5,16,16,17,10,11,16,16,22,6,16,16,27,28,0
2,16,16,92,19,0,12,16,16,21,5,16,16,26,0,0
3,16,16,92,18,0,10,11,16,16,16,16,27,28,0,0
3,16,16,93,17,164,177,12,16,16,16,16,26,0,0,0
2,16,16,92,18,178,179,3,16,16,16,27,28,0,0,0
3,16,16,16,19,180,161,3,92,16,16,26,164,177,0,0
1,16,16,16,18,162,183,2,92,16,16,18,178,179,0,0
2,16,16,16,17,164,165,3,93,16,16,17,180,161,0,0
2,16,16,16,19,178,179,1,92,16,16,19,162,183,0,0
2,16,16,16,18,180,161,2,92,16,16,18,176,165,0,0
2,172,173,174,17,162,183,2,93,16,16,17,178,179,0,0
3,16,16,16,19,176,165,2,92,16,16,19,168,176,177,0
1,16,16,16,19,178,179,10,11,16,16,22,170,178,179,0
2,16,16,16,18,168,176,177,12,16,16,21,20,168,164,177
2,16,16,16,17,170,178,179,10,11,16,16,22,170,178,179
2,16,16,16,19,0,168,164,177,12,16,16,21,20,168,184
10,11,16,16,22,0,170,178,179,10,11,16,16,22,170,186
0,12,16,16,21,20,0,180,161,0,12,16,16,21,20,0
0,10,11,16,16,22,0,162,183,0,10,11,16,16,22,0
0,0,12,16,16,21,20,184,185,0,0,12,16,16,21,20
0,0,10,11,16,16,22,171,187,0,0,6,16,16,27,28
0,164,177,12,16,16,21,20,0,0,4,5,16,16,26,0
0,178,179,10,11,16,16,22,0,0,6,16,16,27,28,0
0,180,161,0,12,16,16,21,20,4,5,16,16,26,160,181
0,162,183,0,6,16,16,27,28,6,16,16,27,28,162,163
0,184,185,4,5,16,16,26,4,5,16,16,26,0,176,165
0,171,187,6,16,16,27,28,10,11,16,16,22,0,178,179
0,0,4,5,16,16,26,0,0,12,16,16,21,20,168,169
0,0,6,16,16,27,28,0,0,10,11,16,16,22,170,186
0,4,5,16,16,26,160,181,164,177,12,16,16,21,20,0
0,6,16,16,27,28,162,163,178,179,10,11,16,16,22,0
4,5,16,16,26,0,176,165,180,161,0,12,16,16,21,20
3,92,16,16,18,0,178,179,162,183,0,3,16,16,16,18
3,93,16,16,19,0,180,181,164,165,0,2,16,16,16,19
2,92,16,16,18,0,162,163,178,179,0,3,16,16,16,18
3,92,16,16,17,0,176,165,180,161,0,1,172,173,174,17
1,16,16,16,19,0,178,179,162,183,0,2,16,16,16,19
2,16,16,16,19,0,180,181,164,165,0,2,16,16,16,19
2,16,16,16,17,0,162,163,178,179,0,2,16,16,16,18
2,16,16,16,19,0,176,165,180,161,0,2,16,16,16,17
10,11,16,16,22,0,178,179,162,183,0,6,16,16,16,19
0,12,16,16,21,20,168,169,184,185,4,5,16,16,27,28
0,10,11,16,16,22,170,186,171,187,6,16,16,16,26,0
0,0,12,16,16,21,20,0,0,4,5,16,16,27,28,0
176,177,10,11,16,16,22,0,0,6,16,16,16,26,160,161
178,179,0,12,16,16,21,20,4,5,16,16,27,28,182,183
168,176,177,10,11,16,16,22,6,16,16,16,26,160,161,185
170,166,179,90,12,16,16,21,5,16,16,27,28,182,163,187
0,168,169,90,10,11,16,16,16,16,16,26,0,184,185,0
91,170,171,90,0,12,16,16,16,16,16,102,91,186,187,90
150,150,150,150,150,99,16,16,16,16,16,102,150,150,150,150
151,151,151,151,151,151,144,16,16,16,147,151,151,151,151,151
132,138,132,132,132,132,145,16,16,16,148,138,132,132,132,138
132,132,132,132,138,132,145,16,16,16,148,132,132,132,132,132
132,138,132,132,132,132,145,16,16,16,148,132,132,138,132,132
152,152,152,152,152,152,146,16,16,16,149,152,152,152,152,152
153,153,153,153,153,99,137,129,130,16,16,102,153,153,153,153
90,90,90,90,91,100,131,132,133,16,16,101,90,90,90,90
90,90,90,91,91,100,131,132,133,16,16,102,91,90,90,91
90,90,91,90,91,100,138,132,133,16,16,101,90,90,91,90
90,90,90,91,91,99,134,135,139,16,16,102,90,91,90,91
91,91,91,90,91,100,16,16,16,16,16,101,91,91,91,90
91,90,90,90,91,99,16,16,16,16,16,102,91,90,90,90
90,90,90,91,91,99,16,16,16,16,16,102,90,90,90,91
91,91,90,91,90,99,16,16,16,16,16,102,90,90,90,90
90,90,90,90,91,100,16,16,16,16,16,101,91,90,90,91
90,90,90,91,91,100,16,16,16,16,16,102,90,90,91,90
90,90,91,90,91,100,16,16,16,16,16,101,90,91,90,91
90,90,90,91,91,99,16,16,35,33,36,102,91,91,91,90
91,91,91,90,91,99,16,16,16,16,16,102,91,90,90,90
91,90,90,90,91,99,16,16,16,16,16,102,90,90,90,91
90,90,90,91,91,100,16,16,16,16,16,101,90,90,90,90
91,91,90,91,90,100,16,16,16,16,16,102,91,90,90,91
90,90,90,91,91,100,16,16,16,16,16,102,90,90,91,90
90,90,91,90,91,100,16,128,130,16,16,101,90,91,90,91
90,90,90,91,91,99,95,134,136,16,16,102,91,91,91,90
91,91,91,90,91,100,95,94,16,16,16,101,91,90,90,90
91,90,90,90,91,99,95,94,16,16,16,102,90,90,90,91
90,90,90,91,91,99,94,95,16,16,16,102,90,90,90,90
91,91,90,91,90,99,95,16,16,16,16,102,91,90,90,91
90,90,90,91,91,100,94,16,16,16,16,101,90,90,91,90
91,91,91,90,91,100,16,16,16,16,16,102,90,91,90,91
91,90,90,90,91,100,16,16,16,16,16,102,91,91,91,90
90,90,90,91,91,100,16,16,16,94,95,101,91,90,90,90
91,91,90,91,90,99,16,16,95,128,130,102,90,90,90,91
90,90,90,91,91,100,16,16,94,134,136,101,90,90,90,90
90,90,91,90,91,99,16,16,95,94,95,102,91,90,90,91
90,90,90,91,91,99,16,16,16,95,95,102,90,90,91,90
91,91,91,90,91,99,16,16,16,94,94,102,90,91,90,91
91,90,90,90,91,100,16,16,16,16,94,101,91,91,91,90
90,90,90,91,91,100,16,16,16,16,16,102,91,90,90,90
91,91,90,91,90,100,16,16,16,16,16,101,90,90,90,91
90,90,90,90,91,100,16,16,16,16,16,102,90,90,90,90
90,90,90,90,91,100,16,16,16,16,16,101,91,90,90,91
90,90,90,91,91,99,16,137,129,129,130,102,90,90,91,90
90,90,91,90,91,100,16,131,132,132,133,101,90,91,90,91
90,90,90,91,91,99,16,134,135,135,139,102,91,91,91,90
91,91,91,90,91,99,16,32,33,34,16,102,91,90,90,90
91,90,90,90,91,99,16,16,16,16,16,102,90,90,90,91
90,90,90,91,91,100,16,16,16,16,16,101,90,90,90,90
91,91,90,91,90,100,16,16,16,16,16,102,91,90,90,91
91,91,91,90,91,100,16,16,16,16,16,101,90,90,91,90
91,90,90,90,91,99,16,16,16,16,16,102,90,91,90,91
90,90,90,91,91,100,16,16,16,16,16,101,91,91,91,90
90,90,90,90,91,99,16,16,16,16,16,102,91,90,90,90
90,90,90,91,91,99,16,16,16,16,16,102,90,90,90,90
90,90,91,90,91,99,16,16,16,16,16,102,91,90,90,91
90,90,90,91,91,100,16,16,16,16,16,101,90,90,91,90
91,91,91,90,91,100,16,16,16,16,16,102,90,91,90,91
91,90,90,90,91,99,16,16,16,16,16,102,90,90,90,90
90,90,90,91,91,100,16,16,16,16,16,101,91,90,90,91
91,91,90,91,90,99,16,16,16,128,130,102,90,90,91,90
91,90,90,90,91,99,35,33,36,134,136,102,90,91,90,91
90,90,90,91,91,99,16,16,16,16,16,102,91,91,91,90
91,91,90,91,90,100,16,16,16,16,16,101,91,90,90,90
91,90,90,90,91,100,16,16,16,16,16,102,90,90,90,91
90,90,90,91,91,100,16,16,16,16,16,101,90,90,90,90
91,91,90,91,90,99,16,16,16,16,16,102,91,90,90,91
90,90,90,91,91,99,16,16,16,16,16,102,90,90,91,90
90,90,91,90,91,99,16,16,16,16,16,102,90,91,90,91
90,90,90,91,91,100,16,16,16,16,16,101,91,91,91,90
91,91,91,90,91,100,16,16,16,16,16,102,91,90,90,90
91,90,90,90,91,99,16,16,16,16,16,102,90,90,90,91
90,90,90,91,91,100,16,16,16,16,16,101,90,90,90,90
91,91,90,91,90,99,16,137,129,129,130,102,91,90,90,91
90,90,91,90,91,99,16,131,132,132,133,102,90,90,91,90
90,90,90,91,91,99,16,134,135,135,139,102,90,91,90,91
91,91,91,90,91,100,16,16,16,16,16,101,91,91,91,90
91,90,90,90,91,100,16,16,32,33,34,102,91,90,90,90
90,90,90,91,91,99,16,16,16,16,16,102,90,90,90,91
91,91,90,91,90,100,16,16,16,16,16,101,91,91,91,90
90,90,90,90,91,99,16,16,16,16,16,102,91,90,90,90
90,90,90,91,91,99,16,16,16,16,16,102,90,90,90,91
90,90,91,90,91,99,16,16,16,16,16,102,91,90,90,91
90,90,90,91,91,100,137,129,130,16,16,101,90,90,91,90
91,91,91,90,91,100,131,132,133,16,16,102,90,91,90,91
91,90,90,90,91,100,131,132,133,16,16,101,91,91,91,90
90,90,90,91,91,99,138,132,133,16,16,102,91,90,90,90
91,91,90,91,90,99,134,135,139,16,16,102,90,90,90,91
150,150,150,150,150,99,16,16,16,16,16,102,150,150,150,150
151,151,151,151,151,151,144,16,16,16,147,151,151,151,151,151
132,138,132,132,132,132,145,16,16,16,148,138,132,132,132,138
132,132,132,132,138,132,145,16,16,16,148,132,132,132,132,132
132,138,132,132,132,132,145,16,16,16,148,132,132,138,132,132
152,152,152,152,152,152,146,16,16,16,149,152,152,152,152,152
153,153,153,153,153,99,16,16,16,16,16,102,153,153,153,153
90,90,0,0,91,99,16,16,16,128,130,102,90,0,91,0
0,91,0,91,90,99,16,16,16,134,136,102,91,90,91,0
90,0,91,90,0,100,16,16,16,16,16,101,90,0,90,91
91,0,0,91,90,100,16,16,16,16,16,102,0,90,0,56
0,0,91,90,0,3,16,16,16,16,16,18,54,0,91,57
0,0,0,0,0,2,32,33,34,16,16,19,55,0,0,0
0,62,0,0,0,3,16,16,16,16,158,159,0,0,62,0
83,84,0,0,0,1,16,16,16,16,156,157,0,0,0,0
85,86,0,0,56,2,16,16,16,16,154,155,56,0,0,0
87,88,0,0,57,2,16,16,16,16,16,17,57,0,0,0
0,0,54,0,0,2,16,16,16,16,30,31,0,0,54,0
0,0,55,0,7,9,16,16,16,29,31,62,0,56,55,0
0,0,0,7,8,16,16,16,29,31,0,0,0,57,0,0
0,0,7,9,16,16,16,30,31,62,54,0,62,0,54,0
54,7,8,16,16,16,29,31,0,0,55,56,0,0,55,0
55,2,16,16,16,16,19,0,0,158,159,57,0,0,0,62
0,13,14,16,16,16,25,23,0,156,157,0,0,0,0,0
0,0,13,15,16,16,16,24,23,154,155,0,62,158,159,0
0,62,62,13,14,16,16,16,25,23,0,54,0,156,157,0
54,0,56,0,13,14,16,16,16,24,23,55,0,154,155,0
55,0,57,83,84,13,15,16,16,16,25,23,62,0,0,0
0,0,0,85,86,0,13,15,16,16,16,24,23,0,0,54
0,62,0,87,88,0,56,13,14,16,16,16,25,23,62,55
0,0,0,62,0,54,57,0,13,15,16,16,16,24,23,0
56,0,54,0,0,55,62,0,54,13,14,16,16,16,25,23
57,0,55,0,0,0,0,0,55,0,2,16,16,16,16,17
0,0,0,56,0,83,84,56,0,0,2,16,16,16,16,17
0,0,0,57,0,85,86,57,0,7,8,16,16,16,29,31
0,0,0,0,0,87,88,0,7,9,16,16,16,29,31,0
0,54,0,0,56,0,0,7,8,16,16,16,29,31,62,0
0,55,54,0,57,0,7,9,16,16,16,30,31,56,158,159
62,0,55,0,0,7,8,16,16,16,29,31,0,57,156,157
0,0,56,0,7,9,16,16,16,30,31,0,62,0,154,155
0,54,57,7,8,16,16,16,29,31,54,0,0,0,54,0
0,55,62,3,16,16,16,16,18,0,55,0,0,0,55,0
0,0,0,3,16,16,16,16,19,158,159,56,62,0,0,0
0,83,84,3,16,16,16,16,18,156,157,57,0,0,0,0
0,85,86,2,16,16,16,16,18,154,155,0,0,54,0,0
56,87,88,3,16,16,16,158,159,0,0,0,0,55,0,56
57,0,0,1,76,77,78,156,157,0,54,158,159,0,0,57
0,0,56,2,16,16,16,154,155,0,55,156,157,0,62,0
0,0,57,2,32,33,34,16,17,56,0,154,155,0,0,0
0,54,0,2,16,16,16,16,19,57,62,0,0,0,0,0
0,55,56,13,14,16,16,16,25,23,0,0,54,0,158,159
0,0,57,0,13,15,16,16,16,24,23,0,55,62,156,157
62,0,62,0,0,13,14,16,16,16,25,23,0,0,154,155
0,0,0,83,84,0,13,15,16,16,16,24,23,0,0,0
56,0,0,85,86,0,0,83,84,16,16,16,18,158,159,0
57,0,0,87,88,56,0,85,86,16,16,16,19,156,157,56
0,54,62,0,0,57,0,87,88,16,16,16,18,154,155,57
0,55,0,0,0,0,0,1,16,16,16,158,159,0,0,0
0,0,0,56,0,62,56,2,16,16,16,156,157,62,0,54
0,62,0,57,0,0,57,2,16,16,16,154,155,0,0,55
0,0,0,0,0,54,0,2,16,16,16,16,19,56,0,0
0,83,84,0,0,55,7,9,16,16,16,30,31,57,0,62
0,85,86,56,0,7,8,16,16,16,29,31,0,158,159,0
0,87,88,57,7,9,16,16,16,30,31,56,0,156,157,0
56,0,0,7,8,16,16,16,29,31,0,57,0,154,155,0
57,0,7,9,16,16,16,30,31,62,0,0,54,0,0,0
0,7,8,16,16,16,29,31,0,0,56,0,55,0,0,0
62,83,84,16,16,16,18,158,159,0,57,0,0,0,56,0
54,85,86,16,16,16,19,156,157,0,0,62,0,0,57,0
55,87,88,16,16,16,18,154,155,54,0,0,0,0,0,0
0,3,16,16,16,16,18,0,0,55,0,56,0,54,0,0
0,1,16,192,193,194,19,62,0,0,0,57,0,55,0,0
56,2,16,16,16,16,18,56,0,0,0,0,0,56,0,0
57,2,35,33,36,16,17,57,0,158,159,62,0,57,0,0
0,2,16,16,16,16,19,0,0,156,157,0,0,0,62,0
62,13,14,16,16,16,25,23,0,154,155,54,0,0,0,54
0,54,13,15,16,16,16,24,23,62,0,55,56,0,0,55
0,55,0,13,14,16,16,16,25,23,0,0,57,0,0,0
0,62,0,0,13,15,16,16,16,24,23,0,0,62,0,0
0,0,0,62,0,13,14,16,16,16,25,23,0,0,0,0
54,0,0,54,62,62,13,15,16,16,16,24,23,54,0,62
55,56,0,55,0,0,0,83,84,16,16,158,159,55,0,0
0,57,0,0,0,0,0,85,86,16,16,156,157,0,56,0
0,0,0,83,84,56,0,87,88,16,16,154,155,62,57,0
0,0,0,85,86,57,0,2,16,16,16,16,17,0,0,0
0,0,56,87,88,0,54,3,16,16,16,16,19,0,62,0
0,0,57,62,0,0,55,1,16,16,16,16,19,158,159,0
0,0,0,0,0,56,62,2,16,76,77,78,18,156,157,0
0,0,54,0,0,57,0,2,16,16,16,16,17,154,155,0
0,0,55,0,62,0,0,2,32,33,34,16,19,0,0,0
0,0,0,56,0,54,0,6,16,16,16,27,28,56,0,0
62,0,0,57,0,55,4,5,16,16,16,26,0,57,0,54
0,0,0,0,0,0,6,16,16,16,27,28,56,0,0,55
56,0,83,84,0,4,5,16,16,16,26,0,57,0,56,0
57,0,85,86,0,6,16,16,16,27,28,0,54,0,57,0
0,0,87,88,4,5,16,16,16,26,56,0,55,0,0,0
0,0,62,0,6,16,16,16,27,28,57,0,62,0,0,62
0,0,56,4,5,16,16,16,26,0,158,159,0,56,0,0
62,0,57,10,11,16,16,16,22,0,156,157,0,57,0,0
0,54,0,0,12,16,16,16,21,20,154,155,0,0,54,0
0,55,0,0,83,84,16,16,16,18,0,62,0,0,55,0
0,0,0,62,85,86,16,16,16,19,0,0,56,0,0,0
83,84,56,0,87,88,16,16,16,18,54,0,57,0,62,0
85,86,57,0,2,16,16,16,16,17,55,0,158,159,0,0
87,88,0,54,3,16,16,16,158,159,0,0,156,157,56,0
0,0,0,55,1,16,16,16,156,157,0,62,154,155,57,0
0,0,56,0,2,16,16,16,154,155,54,0,0,0,0,0
0,62,57,62,2,32,33,34,16,17,55,0,56,0,54,0
54,0,0,0,2,16,16,16,16,19,0,0,57,0,55,0
55,0,54,0,6,16,16,16,27,28,0,0,62,62,0,0
0,62,55,4,5,16,16,16,26,62,0,54,0,0,56,0
0,0,0,6,16,16,16,27,28,56,62,55,0,0,57,0
56,0,4,5,16,16,16,26,0,57,0,0,158,159,0,0
57,0,6,16,16,16,27,28,54,62,0,0,156,157,0,0
0,4,5,16,16,16,26,0,55,0,0,0,154,155,0,0
0,6,16,16,16,27,28,158,159,0,56,0,0,0,0,0
4,5,16,16,16,26,0,156,157,0,57,0,0,0,62,0
3,16,16,16,16,18,62,154,155,62,0,0,62,56,0,0
2,16,16,16,16,19,54,0,0,0,0,54,0,57,0,0
3,16,16,16,16,18,55,0,54,0,0,55,0,0,0,0
2,16,16,16,158,159,0,0,55,0,0,62,0,0,0,0
3,16,16,16,156,157,62,0,0,62,0,0,0,54,0,0
1,16,16,16,154,155,0,54,0,0,0,56,0,55,62,0
2,76,77,78,16,18,0,55,158,159,0,57,0,62,0,0
2,16,16,16,16,17,56,0,156,157,0,0,0,0,0,0
2,16,32,33,34,19,57,0,154,155,0,158,159,0,0,0
10,11,16,16,16,22,0,0,54,0,0,156,157,0,56,0
62,12,16,16,16,21,20,0,55,0,0,154,155,0,57,0
56,10,11,16,16,16,22,0,0,0,56,0,0,0,0,0
57,0,12,16,16,16,21,20,62,0,57,62,0,0,56,0
221,208,10,11,16,16,16,22,0,0,0,0,0,0,57,0
0,223,208,12,16,16,16,21,20,54,0,0,0,62,0,0
54,222,212,210,16,16,16,16,18,55,0,62,54,0,0,0
55,0,214,211,216,16,16,16,19,158,159,0,55,0,158,159
0,0,214,1,223,216,16,16,18,156,157,0,0,0,156,157
0,0,234,3,222,215,216,16,17,154,155,0,0,54,154,155
83,84,0,2,16,16,221,216,17,0,0,0,0,55,0,0
85,86,54,3,16,16,16,223,217,62,0,0,62,0,0,0
87,88,55,1,16,16,16,222,218,208,0,54,0,0,56,0
0,62,0,2,16,16,16,16,19,223,208,55,0,0,57,0
56,0,0,2,16,16,16,16,18,222,212,213,0,0,0,0
57,0,62,2,16,16,16,16,17,0,214,221,208,0,0,0
0,0,54,10,11,16,16,16,22,62,214,54,209,208,0,0
0,0,55,0,12,16,16,16,21,20,234,55,0,223,208,62
0,56,0,0,10,11,16,16,16,22,0,56,0,222,209,208
0,57,0,83,84,12,16,16,16,21,20,57,158,159,0,221
0,0,0,85,86,10,11,16,16,16,22,0,156,157,0,55
0,0,0,87,88,0,12,16,16,16,21,20,154,155,56,0
83,84,0,0,0,0,10,11,16,16,16,17,62,0,57,0
85,86,62,0,0,54,0,12,16,16,16,19,0,0,158,159
87,88,0,0,0,55,0,83,84,16,92,18,0,0,156,157
0,0,0,83,84,62,0,85,86,16,92,19,54,0,154,155
62,0,62,85,86,0,56,87,88,16,93,18,55,0,0,0
0,56,0,87,88,0,57,3,16,16,92,17,0,62,0,0
0,57,0,0,0,0,0,1,16,16,92,19,0,158,159,62
0,0,0,0,56,83,84,2,16,16,16,17,56,156,157,0
0,0,0,62,57,85,86,2,16,16,158,159,57,154,155,0
0,83,84,0,0,87,88,2,16,16,156,157,0,0,0,0
0,85,86,0,54,0,0,3,16,16,154,155,0,0,56,0
0,87,88,0,55,0,0,1,92,16,16,19,54,0,57,0
0,0,0,0,0,0,62,2,92,16,16,18,55,0,0,0
0,56,0,62,83,84,0,2,93,16,16,17,56,0,0,0
0,57,0,0,85,86,0,2,92,16,16,19,57,0,62,56
0,0,54,0,87,88,0,6,16,16,27,28,0,0,0,57
0,0,55,0,56,0,4,5,16,16,26,62,158,159,0,0
0,0,0,0,57,0,6,16,16,27,28,0,156,157,0,0
0,0,62,0,0,4,5,16,16,26,0,56,154,155,56,0
0,0,83,84,62,6,16,16,27,28,62,57,0,0,57,0
0,0,85,86,4,5,16,16,26,54,0,0,56,0,0,0
0,62,87,88,10,11,16,16,22,55,0,54,57,0,62,0
0,0,0,0,0,12,16,16,21,20,0,55,0,0,0,0
83,84,0,56,0,10,11,16,16,22,62,0,158,159,0,0
85,86,0,57,54,0,12,16,16,21,20,56,156,157,62,0
87,88,0,0,55,0,10,11,16,16,22,57,154,155,0,0
0,0,0,0,0,56,54,12,16,16,21,20,0,54,0,0
0,0,62,0,0,57,55,10,11,16,16,22,0,55,0,0
0,0,0,83,84,0,62,0,12,16,16,21,20,62,158,159
0,0,54,85,86,0,0,0,10,11,16,16,22,0,156,157
0,0,55,87,88,0,83,84,0,12,16,16,21,20,154,155
62,0,0,0,62,0,85,86,0,10,11,16,16,22,0,62
0,0,56,0,0,56,87,88,0,54,12,16,16,21,20,0
0,0,57,0,0,57,0,0,0,55,10,11,16,16,22,0
0,83,84,0,0,0,0,62,0,0,62,12,16,16,21,20
0,85,86,62,0,56,0,83,84,56,0,6,16,16,27,28
0,87,88,0,0,57,0,85,86,57,4,5,16,16,26,56
0,0,0,0,0,0,62,87,88,0,6,16,16,27,28,57
0,0,56,0,0,0,0,0,0,4,5,16,16,26,0,0
0,0,57,0,83,84,0,54,0,6,16,16,27,28,158,159
0,0,0,0,85,86,0,55,4,5,16,16,26,0,156,157
56,0,62,0,87,88,0,0,6,16,16,27,28,62,154,155
57,0,0,62,0,0,0,4,5,16,16,26,0,0,0,0
0,0,0,0,54,0,0,6,16,16,27,28,158,159,54,0
0,0,0,0,55,0,4,5,16,16,26,0,156,157,55,0
0,0,56,0,0,0,6,16,16,27,28,0,154,155,0,0
0,0,57,0,62,4,5,16,16,26,0,0,0,0,0,0
0,0,83,84,0,10,11,16,16,22,62,54,0,56,62,0
0,0,85,86,0,56,12,16,16,21,20,55,0,57,0,0
0,0,87,88,0,57,10,11,16,16,22,0,54,0,0,0
0,62,0,56,0,0,0,12,16,16,21,20,55,0,0,62
0,0,0,57,0,83,84,2,16,16,16,18,0,56,0,0
0,54,0,0,0,85,86,2,16,16,158,159,0,57,0,0
0,55,0,0,62,87,88,2,16,16,156,157,0,0,62,0
0,0,0,0,54,0,62,83,84,16,154,155,158,159,0,56
0,0,56,0,55,0,0,85,86,16,16,18,156,157,0,57
0,0,57,0,0,0,0,87,88,16,16,17,154,155,0,0
0,0,0,54,0,83,84,2,16,16,16,18,62,54,0,0
0,0,0,55,0,85,86,2,16,16,16,18,0,55,0,62
0,0,0,0,0,87,88,2,16,16,16,17,62,0,0,0
0,83,84,56,0,0,0,3,16,16,158,159,0,0,56,0
0,85,86,57,0,0,62,2,16,16,156,157,0,0,57,0
0,87,88,0,62,0,0,1,16,16,154,155,0,0,0,0
0,62,0,0,0,54,0,83,84,16,16,18,0,62,54,0
0,0,0,0,0,55,0,85,86,16,16,18,56,0,55,0
0,56,0,62,54,0,0,87,88,16,16,18,57,0,0,0
0,57,0,0,55,62,0,2,16,16,16,17,112,113,114,115
0,0,0,0,0,83,84,3,16,16,16,19,117,118,119,120
0,0,56,62,0,85,86,2,16,16,16,18,122,123,124,125
0,0,57,0,0,87,88,1,16,16,16,17,103,104,104,104
0,0,0,0,0,0,62,240,58,59,60,248,0,89,0,0
112,113,114,115,113,114,116,241,16,16,16,249,98,106,0,0
117,118,119,120,118,119,121,242,79,79,79,250,98,106,0,54
122,123,124,125,123,126,127,2,16,16,16,17,98,109,0,55
103,104,104,104,104,105,110,3,16,16,16,19,0,0,0,0
