798,152,80,,,,,,,,,,,,,
0,0,0,0,7,80,82,81,80,81,23,0,0,0,0,0
96,0,96,7,8,224,225,226,227,228,24,23,96,96,0,0
97,0,97,1,16,229,230,231,232,233,16,18,97,97,0,0
0,0,0,2,16,16,16,16,16,16,16,18,0,0,0,96
0,0,140,141,142,16,16,16,16,16,16,19,96,70,71,97
0,96,143,175,191,16,16,16,16,16,235,236,97,72,73,0
96,97,207,255,16,16,16,16,16,16,238,239,251,74,75,0
97,0,0,2,16,16,16,16,16,16,16,252,253,0,0,0
96,0,0,2,16,16,16,16,16,16,16,18,0,0,0,96
97,0,96,1,16,16,16,16,16,16,16,19,96,70,71,97
96,0,97,141,142,16,16,16,16,16,235,236,97,72,73,0
97,0,143,175,191,16,16,16,16,16,238,239,251,74,75,0
0,70,207,255,16,16,16,16,16,16,16,252,253,0,0,0
96,72,73,240,243,244,245,246,247,244,243,248,0,96,0,0
97,74,75,241,16,16,16,16,16,16,16,249,0,97,64,65
96,0,0,242,61,79,79,79,79,79,61,250,0,96,66,67
97,0,96,1,16,16,16,16,16,16,16,19,0,97,68,69
0,0,97,3,16,16,16,16,16,16,235,236,0,0,0,0
0,96,0,2,16,16,16,16,16,16,238,239,251,70,71,0
0,97,140,141,142,16,16,16,16,16,16,252,253,72,73,96
0,0,143,175,191,16,16,16,16,16,16,17,96,74,75,97
70,71,207,255,16,16,16,16,16,16,16,17,97,0,0,0
72,73,0,2,16,16,16,16,16,16,16,18,0,0,0,96
74,75,0,2,16,16,16,16,16,16,16,19,0,70,71,97
0,0,96,1,16,16,16,16,16,16,235,236,0,72,73,0
0,0,97,141,142,16,16,16,16,16,238,239,251,74,75,0
96,0,143,175,191,16,16,16,16,16,16,252,253,0,0,0
97,0,207,255,16,16,16,16,16,16,16,18,96,0,64,65
0,70,71,1,16,16,16,16,16,16,16,19,97,0,66,67
0,72,73,2,16,16,16,16,16,16,16,17,0,0,68,69
0,74,75,2,192,193,194,16,16,16,16,18,70,71,0,0
0,0,140,141,142,16,16,16,16,16,16,19,72,73,0,0
0,0,143,175,191,16,16,16,16,16,27,28,74,75,96,0
0,0,207,255,16,16,16,16,16,16,26,0,0,0,97,0
70,71,0,2,16,16,16,16,16,27,28,64,65,0,0,0
72,73,96,1,16,16,16,16,16,26,0,66,67,0,0,0
74,75,97,6,16,16,16,16,27,28,96,68,69,0,70,71
0,0,4,5,16,16,16,16,26,0,97,70,71,0,72,73
0,140,141,142,16,16,16,16,17,64,65,72,73,0,74,75
0,143,175,191,16,192,193,194,18,66,67,74,75,0,0,0
0,96,255,16,16,16,16,16,19,68,69,0,0,0,0,96
0,97,1,16,16,16,16,235,236,0,0,96,0,0,0,97
0,0,2,16,16,16,16,238,239,251,0,97,0,0,0,0
96,0,3,16,39,53,40,16,252,253,64,65,70,71,0,0
97,0,2,37,38,16,41,42,18,0,66,67,72,73,0,0
70,71,1,16,16,16,16,16,17,0,68,69,74,75,0,96
72,73,13,14,16,16,16,16,25,23,0,0,0,0,0,97
74,75,0,13,15,16,16,16,16,24,23,0,96,0,70,71
0,0,0,96,13,14,16,16,16,16,25,23,97,0,72,73
0,0,0,97,0,13,15,16,16,16,16,24,23,0,74,75
0,96,0,0,0,0,13,14,16,16,16,16,25,23,0,96
0,97,0,0,64,65,96,13,15,16,16,16,16,24,23,97
0,0,70,71,66,67,97,140,141,142,16,16,16,16,17,0
0,0,72,73,68,69,0,143,175,191,16,16,16,235,236,0
96,0,74,75,0,0,0,207,255,16,16,16,16,238,239,251
97,0,0,0,0,96,0,0,1,16,16,16,16,16,252,253
0,0,0,0,0,97,0,0,2,16,16,16,16,16,17,96
0,0,64,65,0,70,71,140,141,142,16,16,16,16,19,97
0,96,66,67,0,72,73,143,175,191,16,192,193,194,18,0
0,97,68,69,0,74,75,207,255,16,16,16,16,16,17,0
0,0,0,0,96,0,0,7,9,16,16,16,16,30,31,96
96,0,70,71,97,0,7,8,16,16,16,16,29,31,0,97
97,0,72,73,0,7,9,16,16,16,16,30,31,96,0,0
0,0,74,75,7,8,16,16,16,16,29,31,0,97,64,65
96,0,0,7,9,16,16,16,16,30,31,0,0,0,66,67
97,0,7,8,16,16,16,16,29,31,70,71,0,0,68,69
0,7,9,16,16,16,16,30,31,0,72,73,0,96,0,0
7,8,16,16,16,16,29,31,0,96,74,75,0,97,0,0
13,14,192,193,194,16,25,23,0,97,0,0,0,0,96,0
0,13,15,16,16,16,16,24,23,0,0,64,65,0,97,0
0,96,13,14,16,16,16,16,25,23,0,66,67,0,0,0
0,97,0,13,15,16,16,16,16,24,23,68,69,0,70,71
0,0,0,96,13,14,16,16,16,16,25,23,0,96,72,73
0,70,71,97,0,13,15,16,16,16,16,24,23,97,74,75
0,72,73,0,0,0,13,14,16,16,16,16,25,23,0,0
0,74,75,0,64,65,0,13,15,16,16,16,16,24,23,0
0,0,0,0,66,67,0,7,9,16,16,16,16,30,31,96
0,0,0,0,68,69,7,8,16,16,16,16,29,31,0,97
64,65,0,96,0,7,9,16,16,16,16,30,31,0,0,0
66,67,0,97,7,8,16,16,16,16,29,31,70,71,0,0
68,69,0,7,9,16,16,16,16,30,31,0,72,73,0,0
96,0,7,8,16,16,16,16,29,31,96,0,74,75,64,65
97,7,9,16,16,16,16,30,31,0,97,0,0,0,66,67
7,8,16,16,16,16,29,31,0,0,0,0,0,96,68,69
1,16,16,16,16,16,18,96,0,70,71,0,0,97,0,0
1,16,16,16,16,16,18,97,0,72,73,0,70,71,0,0
13,14,16,16,16,16,25,23,0,74,75,0,72,73,0,0
0,13,15,16,16,16,16,24,23,0,0,0,74,75,0,0
96,0,1,16,16,16,16,235,236,0,96,0,0,0,96,0
97,0,2,16,16,16,16,238,239,251,97,0,0,0,97,0
0,140,141,142,16,16,16,16,252,253,0,0,64,65,0,0
0,143,175,191,16,16,16,16,18,0,0,0,66,67,0,0
0,207,255,16,16,16,16,16,17,70,71,0,68,69,0,96
96,0,3,16,16,16,16,16,19,72,73,96,0,0,0,97
97,0,2,16,16,16,16,16,18,74,75,97,0,0,0,0
0,0,1,16,16,16,16,235,236,0,0,0,0,0,0,0
70,71,1,16,16,16,16,238,239,251,0,64,65,0,70,71
72,73,2,16,16,16,16,16,252,253,96,66,67,0,72,73
74,75,3,16,16,16,16,16,19,0,97,68,69,0,74,75
0,0,2,16,39,53,40,16,18,0,64,65,0,0,0,0
0,96,1,37,38,16,41,42,17,0,66,67,0,0,0,0
0,97,13,14,16,16,16,16,25,23,68,69,0,70,71,0
0,0,0,13,15,16,16,16,16,24,23,0,96,72,73,0
70,71,0,0,13,14,16,16,16,16,25,23,97,74,75,96
72,73,64,65,0,13,15,16,16,16,16,24,23,0,96,97
74,75,66,67,0,96,13,14,16,16,16,16,25,23,97,0
0,0,68,69,0,97,0,13,15,16,16,16,16,24,23,0
0,0,0,70,71,0,0,140,141,142,16,16,16,16,17,0
0,0,0,72,73,0,0,143,175,191,16,16,16,235,236,0
0,0,0,74,75,96,0,207,255,16,16,16,16,238,239,251
96,0,0,0,0,97,0,96,1,16,16,16,16,16,252,253
97,0,64,65,0,0,0,97,2,16,16,16,16,16,17,0
0,0,66,67,96,0,70,71,3,192,193,194,16,16,19,0
0,0,68,69,97,0,72,73,2,16,39,53,40,16,18,96
0,70,71,0,0,0,74,75,1,37,38,16,41,42,17,97
0,72,73,0,96,0,0,7,9,16,16,16,16,30,31,0
0,74,75,0,97,0,7,8,16,16,16,16,29,31,96,0
0,0,0,0,0,7,9,16,16,16,16,30,31,0,97,0
0,0,64,65,7,8,16,16,16,16,29,31,0,0,0,0
96,0,66,67,1,16,16,16,16,16,17,0,96,70,71,0
97,0,68,69,2,16,16,16,16,16,18,0,97,72,73,0
0,70,71,0,2,16,16,16,16,235,236,0,0,74,75,96
0,72,73,0,1,16,16,16,16,238,239,251,0,0,0,97
0,74,75,140,141,142,16,16,16,16,252,253,64,65,96,0
0,0,0,143,175,191,16,16,16,16,19,0,66,67,97,0
0,0,0,207,255,16,39,53,40,16,18,96,68,69,0,0
70,71,0,0,1,37,38,16,41,42,17,97,0,0,70,71
72,73,0,96,13,14,16,16,16,16,25,23,0,0,72,73
74,75,0,97,0,13,15,16,16,16,16,24,23,0,74,75
0,0,0,0,0,0,1,16,16,16,16,16,17,96,0,0
0,0,0,70,71,0,2,16,16,16,16,16,18,97,70,71
96,0,0,72,73,0,2,16,16,16,16,16,19,0,72,73
97,0,0,74,75,96,1,16,16,16,16,235,236,0,74,75
0,0,0,0,0,97,2,16,16,16,16,238,239,251,0,0
0,70,71,0,0,140,141,142,16,16,16,16,252,253,64,65
0,72,73,0,0,143,175,191,192,193,194,16,18,0,66,67
0,74,75,96,0,207,255,16,16,16,16,16,17,0,68,69
64,65,0,97,0,7,9,16,16,16,16,30,31,0,0,0
66,67,0,0,7,8,16,16,16,16,29,31,0,0,70,71
68,69,0,7,9,16,16,16,16,30,31,0,96,0,72,73
0,0,7,8,16,16,16,16,29,31,64,65,97,0,74,75
0,7,9,16,16,16,16,30,31,0,66,67,0,0,0,0
7,8,16,16,16,16,29,31,70,71,68,69,70,71,0,0
1,16,16,16,16,235,236,0,72,73,0,0,72,73,0,0
1,16,16,16,16,238,239,251,74,75,70,71,74,75,0,96
141,142,16,16,16,16,252,253,0,0,72,73,0,0,0,97
175,191,16,16,16,16,19,0,0,96,74,75,0,0,0,0
255,16,16,16,16,16,18,0,0,97,0,0,0,0,0,0
2,16,16,16,16,16,17,70,71,0,0,0,64,65,70,71
3,16,16,16,16,16,19,72,73,0,0,0,66,67,72,73
2,16,39,53,40,16,18,74,75,0,70,71,68,69,74,75
1,37,38,16,41,42,17,0,0,0,72,73,0,0,0,0
13,14,16,16,16,16,25,23,0,96,74,75,0,0,0,0
96,13,15,16,16,16,16,24,23,97,0,0,0,70,71,0
97,0,13,14,16,16,16,16,25,23,0,0,0,72,73,0
0,64,65,13,15,16,16,16,16,24,23,64,65,74,75,0
0,66,67,0,1,16,16,16,16,16,17,66,67,0,0,0
0,68,69,140,141,142,16,16,16,16,18,68,69,0,96,0
0,0,0,143,175,191,16,16,16,235,236,0,64,65,97,0
0,70,71,207,255,16,16,16,16,238,239,251,66,67,0,0
0,72,73,0,2,16,16,16,16,16,252,253,68,69,0,0
0,74,75,0,3,16,16,16,16,16,19,0,0,70,71,0
0,0,0,96,2,16,16,16,16,16,18,0,96,72,73,0
0,0,0,97,1,16,16,16,16,16,17,0,97,74,75,0
70,71,64,65,13,14,16,16,16,16,25,23,0,0,0,0
72,73,66,67,0,13,15,16,16,16,16,24,23,0,0,96
74,75,68,69,0,0,13,14,16,16,16,16,25,23,0,97
64,65,0,70,71,0,0,13,15,16,16,16,16,24,23,0
66,67,0,72,73,0,0,0,1,16,16,16,16,16,17,0
68,69,0,74,75,64,65,140,141,142,16,16,16,16,18,96
0,0,96,0,0,66,67,143,175,191,16,16,16,16,19,97
0,0,97,0,0,68,69,207,255,16,16,16,16,235,236,0
0,64,65,0,0,0,0,0,2,16,16,16,16,238,239,251
0,66,67,0,0,70,71,0,3,16,39,53,40,16,252,253
0,68,69,96,0,72,73,0,2,37,38,16,41,42,18,0
0,0,0,97,0,74,75,0,1,16,16,16,16,16,17,0
0,70,71,0,0,0,0,7,9,16,16,16,16,30,31,96
0,72,73,0,0,0,7,8,16,16,16,16,29,31,0,97
0,74,75,0,0,7,9,16,16,16,16,30,31,96,0,0
0,0,0,0,7,8,16,16,16,16,29,31,0,97,96,0
0,0,0,140,141,142,16,16,16,16,17,64,65,0,97,0
64,65,0,143,175,191,16,16,16,16,17,66,67,70,71,0
66,67,0,207,255,16,16,16,16,16,18,68,69,72,73,0
68,69,64,65,1,16,16,16,16,16,19,0,0,74,75,0
96,0,66,67,2,16,16,16,16,235,236,0,96,0,0,0
97,0,68,69,3,16,16,16,16,238,239,251,97,0,0,0
0,70,71,0,2,16,16,16,16,16,252,253,0,0,0,96
0,72,73,96,1,16,39,53,40,16,18,0,0,64,65,97
0,74,75,97,1,37,38,16,41,42,17,96,0,66,67,0
0,0,0,0,10,11,16,16,16,27,28,97,0,68,69,0
0,64,65,0,96,12,16,16,16,26,0,0,70,71,0,0
0,66,67,0,97,2,16,16,16,17,64,65,72,73,0,0
0,68,69,0,140,141,142,16,16,17,66,67,74,75,0,0
0,0,0,0,143,175,191,16,16,17,68,69,0,0,0,0
0,96,0,0,207,255,16,16,16,18,0,0,96,0,70,71
0,97,70,71,0,2,16,16,16,19,0,0,97,0,72,73
0,0,72,73,0,1,16,16,235,236,0,64,65,0,74,75
0,0,74,75,96,2,16,16,238,239,251,66,67,0,0,0
96,0,0,0,97,3,16,16,16,252,253,68,69,0,96,0
97,0,0,0,0,2,16,16,16,18,0,0,0,0,97,0
0,0,0,64,65,1,16,16,16,17,0,0,96,70,71,0
0,70,71,66,67,13,14,16,16,25,23,0,97,72,73,0
0,72,73,68,69,0,13,15,16,16,24,23,0,74,75,0
0,74,75,0,0,96,0,13,14,16,16,25,23,0,96,0
0,0,0,0,0,97,0,0,13,15,16,16,24,23,97,0
0,0,0,0,64,65,70,71,0,13,14,16,16,25,23,0
0,0,70,71,66,67,72,73,0,96,13,15,16,16,24,23
96,0,72,73,68,69,74,75,0,97,0,1,16,16,16,17
97,0,74,75,0,0,0,0,0,0,0,2,16,16,16,18
0,0,0,0,0,0,0,64,65,0,0,2,16,16,16,19
0,0,0,96,0,96,0,66,67,0,0,1,16,16,235,236
0,0,0,97,0,97,0,68,69,0,140,141,142,16,238,239
0,70,71,0,0,0,0,0,70,71,143,175,191,16,16,252
0,72,73,0,64,65,0,0,72,73,207,255,16,16,16,18
0,74,75,0,66,67,96,0,74,75,0,1,16,16,16,17
0,0,0,0,68,69,97,0,0,0,140,141,142,16,16,18
0,0,0,96,0,0,0,0,0,0,143,175,191,16,16,17
0,0,0,97,70,71,0,0,64,65,207,255,16,16,16,19
64,65,0,0,72,73,0,0,66,67,0,1,16,16,16,18
66,67,0,0,74,75,0,0,68,69,7,9,16,16,16,17
68,69,0,96,0,0,96,0,0,7,8,16,16,16,30,31
0,0,0,97,0,0,97,0,7,9,16,16,16,29,31,0
64,65,0,64,65,0,0,7,8,16,16,16,29,31,0,0
66,67,0,66,67,0,7,9,16,16,16,30,31,0,96,0
68,69,0,68,69,7,8,16,16,16,29,31,70,71,97,0
0,96,0,0,7,9,16,16,16,30,31,0,72,73,0,0
0,97,0,7,8,16,16,16,29,31,0,0,74,75,0,0
0,0,7,9,16,16,16,30,31,0,64,65,0,0,0,0
0,7,8,16,16,16,29,31,0,0,66,67,0,0,70,71
140,141,142,16,16,16,17,96,0,0,68,69,0,0,72,73
143,175,191,16,16,16,18,97,0,70,71,0,96,0,74,75
207,255,16,16,16,16,17,0,0,72,73,0,97,0,0,0
0,2,16,16,16,16,18,0,0,74,75,0,0,0,0,0
0,2,16,16,16,16,19,0,96,0,0,0,64,65,0,0
96,1,16,16,16,16,18,0,97,0,0,96,66,67,0,0
97,2,16,16,16,235,236,0,0,0,0,97,68,69,0,0
0,3,16,16,16,238,239,251,64,65,0,70,71,0,0,0
0,2,16,16,16,16,252,253,66,67,0,72,73,0,0,96
0,1,16,16,16,16,17,0,68,69,0,74,75,0,0,97
0,13,14,16,16,16,25,23,0,96,0,0,0,70,71,0
96,0,13,15,16,16,16,24,23,97,0,0,0,72,73,0
97,64,65,13,14,16,16,16,25,23,0,96,0,74,75,0
0,66,67,0,13,15,16,16,16,24,23,97,0,0,0,0
0,68,69,96,0,1,16,16,16,16,17,0,0,0,0,0
0,70,71,97,0,2,16,16,16,235,236,0,64,65,0,0
0,72,73,0,0,2,16,16,16,238,239,251,66,67,0,0
0,74,75,0,140,141,142,16,16,16,252,253,68,69,0,0
64,65,0,0,143,175,191,16,16,16,17,0,0,0,64,65
66,67,0,0,207,255,16,16,16,16,19,0,96,0,66,67
68,69,0,96,0,2,16,16,16,16,18,0,97,0,68,69
0,0,0,97,0,1,16,16,16,235,236,0,0,0,96,0
0,0,70,71,0,2,16,16,16,238,239,251,0,0,97,0
0,96,72,73,0,2,16,16,16,16,252,253,0,70,71,0
0,97,74,75,0,1,16,16,16,16,18,0,96,72,73,0
0,0,0,0,140,141,142,16,16,16,17,0,97,74,75,0
0,0,0,96,143,175,191,16,16,16,19,64,65,0,0,0
70,71,0,97,207,255,16,16,16,16,18,66,67,0,64,65
72,73,0,96,0,1,16,16,16,16,17,68,69,0,66,67
74,75,0,97,0,6,16,16,16,16,22,0,0,0,68,69
0,160,161,0,4,5,16,16,16,16,21,20,0,176,177,0
0,182,183,0,6,16,16,27,11,16,16,22,0,166,167,0
0,169,185,4,5,16,16,26,12,16,16,21,20,168,169,0
0,186,187,6,16,16,27,28,10,11,16,16,22,170,171,0
0,0,4,5,16,16,26,0,0,12,16,16,21,20,0,0
0,0,6,16,16,27,28,176,177,10,11,16,16,22,0,0
0,4,5,16,16,26,0,166,167,0,12,16,16,21,20,0
0,6,16,16,27,28,0,180,161,0,10,11,16,16,22,0
4,5,16,16,26,0,0,182,183,0,0,12,16,16,21,20
1,16,16,16,17,0,0,169,185,0,7,8,16,16,30,31
2,16,16,16,18,0,0,186,187,7,8,16,16,29,31,0
2,16,16,16,19,0,0,0,7,8,16,16,30,31,160,161
1,16,16,16,18,0,0,7,8,16,16,29,31,0,182,183
2,16,16,16,17,0,7,8,16,16,30,31,0,0,169,185
3,16,16,16,19,7,8,16,16,29,31,160,161,0,186,187
2,16,16,16,18,1,16,16,16,17,0,182,183,0,0,0
1,16,16,16,17,2,16,16,16,18,160,161,185,0,0,0
1,16,16,16,17,1,16,16,16,19,182,183,187,0,0,0
2,16,16,16,18,2,16,16,16,18,169,185,0,0,0,0
2,16,16,16,19,2,16,16,16,17,186,187,0,0,0,0
1,16,16,16,18,1,16,16,16,19,176,177,0,0,0,0
2,16,16,16,17,2,16,16,16,18,166,167,0,0,0,0
3,16,16,16,19,3,16,16,16,17,168,176,177,0,0,0
2,16,16,16,18,2,172,173,174,18,170,166,167,0,0,0
1,16,16,16,17,1,16,16,16,17,0,168,176,177,0,0
1,16,16,16,17,13,14,16,16,25,23,170,166,167,0,0
1,16,16,16,17,0,13,15,16,16,24,23,168,169,0,0
2,16,16,16,18,160,161,1,16,16,16,17,170,171,0,0
2,16,16,16,19,182,183,2,16,16,16,17,0,0,0,0
1,16,16,16,18,169,185,1,16,16,16,18,0,0,0,0
2,172,173,174,17,186,187,2,16,16,16,19,0,0,0,0
3,16,16,16,19,0,0,2,16,16,16,18,0,0,0,0
2,16,16,16,18,0,0,1,16,16,16,17,0,0,0,0
10,11,16,16,22,0,0,2,16,16,16,19,0,176,177,0
0,12,16,16,21,20,0,3,16,16,16,18,0,166,167,0
0,1,16,16,16,17,0,2,16,16,16,17,0,168,169,0
0,2,16,16,16,17,0,1,16,16,16,25,23,170,171,0
0,1,16,16,16,17,0,13,14,16,16,16,24,23,0,0
0,2,16,16,16,18,0,0,13,15,16,16,16,25,23,0
0,2,16,16,16,19,0,0,0,13,14,16,16,16,24,23
0,1,16,16,16,18,0,0,0,0,13,15,16,16,16,17
0,2,16,16,16,17,176,177,0,0,0,3,16,16,16,19
0,3,172,173,174,19,166,167,0,0,0,2,16,16,16,18
0,2,16,16,16,18,168,169,0,0,0,1,16,16,16,17
0,1,16,16,16,17,170,171,0,0,7,8,16,16,30,31
0,13,14,16,16,25,23,0,0,7,8,16,16,29,31,0
0,0,13,15,16,16,24,23,7,8,16,16,29,31,0,0
0,0,7,8,16,16,30,31,13,14,16,16,25,23,0,0
0,7,8,16,16,29,31,0,0,13,15,16,16,24,23,0
188,204,188,188,188,206,188,188,188,188,204,188,188,188,206,188
189,203,189,189,189,205,189,189,189,189,203,189,189,189,205,189
189,203,189,189,189,205,189,205,189,189,203,189,189,189,205,189
190,203,190,189,190,205,189,190,189,190,203,190,189,190,205,190
189,203,189,189,189,205,189,205,189,189,203,189,189,189,205,189
189,203,189,189,189,205,189,205,189,189,203,189,189,189,205,189
188,204,188,188,188,206,188,188,188,188,204,188,188,188,206,188
0,1,16,16,16,17,0,0,0,0,1,16,16,16,17,0
7,9,16,16,30,31,0,0,0,7,8,16,16,30,31,0
8,16,16,29,31,0,0,0,7,8,16,16,29,31,160,161
14,16,16,25,23,0,0,7,8,16,16,30,31,0,182,183
13,15,16,16,24,23,7,8,16,16,29,31,0,0,169,185
0,10,11,16,16,22,6,16,16,27,28,160,161,0,186,187
160,161,12,16,16,21,5,16,16,26,0,182,183,0,0,0
182,183,10,11,16,16,16,16,27,28,0,169,185,0,0,0
169,185,0,12,16,16,16,16,26,0,0,186,187,0,0,0
186,187,0,6,16,16,16,16,22,0,0,0,0,0,0,0
0,0,4,5,16,16,16,16,21,20,0,176,177,0,0,0
0,0,6,16,16,27,11,16,16,22,0,166,167,0,0,0
0,4,5,16,16,26,12,16,16,21,20,168,176,177,0,0
0,6,16,16,27,28,10,11,16,16,22,170,166,167,0,0
4,5,16,16,26,0,0,12,16,16,21,20,168,176,177,0
1,16,16,16,17,0,0,2,16,16,16,17,170,166,167,0
2,16,16,16,17,0,0,1,16,16,16,18,0,180,161,0
2,16,16,16,17,0,0,1,16,16,16,19,0,182,183,0
1,16,16,16,18,0,0,2,16,16,16,18,160,161,185,0
2,172,173,174,19,0,0,2,16,16,16,17,182,183,187,0
3,16,16,16,18,0,0,1,16,16,16,19,169,185,0,0
2,16,16,16,17,0,0,2,172,173,174,18,186,187,0,0
1,16,16,16,19,0,0,3,16,16,16,17,0,176,177,0
2,16,16,16,18,0,0,2,16,16,16,17,0,166,167,0
1,16,16,16,17,0,0,1,16,16,16,17,0,168,169,0
13,14,16,16,25,23,0,13,14,16,16,25,23,170,171,0
0,13,15,16,16,24,23,0,13,15,16,16,24,23,0,0
176,177,13,14,16,16,25,23,0,13,14,16,16,25,23,0
166,167,0,13,15,16,16,24,23,0,13,15,16,16,24,23
168,176,177,0,1,16,16,16,17,0,0,1,16,16,16,17
170,166,167,0,2,16,16,16,18,0,0,2,16,16,16,18
0,168,176,177,2,16,16,16,19,0,0,2,16,16,16,19
0,170,166,167,1,16,16,16,18,0,0,1,16,16,16,18
0,0,168,169,2,16,16,16,17,0,0,2,16,16,16,17
0,0,170,171,3,16,16,16,19,0,0,3,16,16,16,19
160,161,0,0,2,16,16,16,18,0,0,2,172,173,174,18
182,183,0,0,1,16,16,16,17,0,0,1,16,16,16,17
169,185,0,7,8,16,16,30,31,0,7,8,16,16,30,31
186,187,7,8,16,16,29,31,0,7,8,16,16,29,31,0
0,7,8,16,16,30,31,0,7,8,16,16,30,31,0,0
7,8,16,16,29,31,0,7,8,16,16,29,31,0,0,0
1,16,16,16,25,23,0,13,14,16,16,25,23,0,0,0
13,14,16,16,16,24,23,0,13,15,16,16,24,23,0,0
0,13,15,16,16,16,25,23,0,13,14,16,16,25,23,0
160,161,13,15,16,16,16,24,23,0,13,15,16,16,24,23
182,183,0,6,16,16,16,16,22,0,0,1,16,16,16,17
169,185,4,5,16,16,16,16,21,20,0,2,16,137,130,18
186,187,6,16,16,27,11,16,16,22,0,2,16,134,136,19
0,4,5,16,16,26,12,16,16,21,20,1,16,16,16,18
0,6,16,16,27,28,3,16,16,16,19,2,16,16,16,17
4,5,16,16,26,0,1,16,16,16,17,3,16,16,16,19
1,16,16,16,17,0,2,16,16,16,18,2,16,16,16,18
2,16,16,16,18,0,2,16,16,16,19,1,16,16,16,17
2,16,16,16,19,0,1,137,130,16,18,1,16,16,16,18
1,16,16,16,18,0,2,134,136,16,17,2,16,16,16,17
2,16,137,130,17,0,3,16,16,16,19,3,16,16,16,19
3,16,134,136,19,0,2,172,173,174,18,2,16,16,16,18
2,172,173,174,18,0,1,16,16,16,17,1,16,16,16,17
1,16,16,16,17,0,10,11,16,16,22,6,16,16,16,18
13,14,16,16,25,23,0,12,16,16,21,5,16,16,27,28
0,13,15,16,16,24,23,10,11,16,137,130,16,16,26,0
0,7,8,16,16,30,31,0,12,16,134,136,16,27,28,0
7,8,16,16,29,31,0,0,10,11,16,16,16,26,0,0
1,16,16,16,17,0,0,176,177,12,16,16,16,17,0,0
2,16,16,16,18,0,0,166,167,2,16,16,16,18,0,0
2,16,16,16,19,0,0,180,161,2,16,16,16,19,0,0
1,16,16,16,18,0,0,182,183,1,16,16,16,18,0,0
2,16,16,16,17,0,160,161,185,2,16,16,16,17,0,0
3,16,16,16,19,0,182,183,187,3,16,16,16,19,0,0
2,16,16,16,18,0,169,185,0,2,16,16,16,18,0,0
1,16,16,16,17,0,186,187,0,1,16,16,16,17,176,177
13,14,16,16,25,23,0,0,7,8,16,16,30,31,166,167
0,13,15,16,16,24,23,7,8,16,16,29,31,0,180,161
176,177,1,16,16,16,17,1,16,16,16,17,0,0,182,183
166,167,2,16,16,16,18,2,16,16,16,18,0,160,161,185
168,169,2,16,16,16,19,2,16,16,16,19,0,182,183,187
170,171,1,16,16,16,18,1,16,16,16,18,160,161,185,0
0,0,2,16,16,16,17,2,16,16,16,17,182,183,187,0
0,0,3,16,16,16,17,3,16,16,16,19,169,185,0,0
0,0,2,16,16,16,18,2,16,137,130,18,186,187,0,0
0,0,1,16,16,16,19,1,16,134,136,17,0,0,0,0
0,0,2,137,130,16,18,1,172,173,174,18,0,0,0,0
0,0,2,134,136,16,17,2,16,16,16,17,176,177,0,0
0,0,1,16,16,16,19,3,16,16,16,19,166,167,0,0
0,0,2,16,16,16,18,2,16,16,16,18,168,169,0,0
0,0,3,16,16,16,17,1,16,16,16,17,170,171,0,0
0,0,2,16,16,16,18,13,14,16,16,25,23,0,0,0
160,161,1,16,16,16,17,0,13,15,16,16,24,23,0,0
182,183,3,16,16,16,19,0,0,13,14,16,16,25,23,0
169,185,2,16,16,16,18,0,176,177,13,15,16,16,24,23
186,187,1,16,16,16,17,0,166,167,0,1,16,16,16,17
0,7,8,16,16,30,31,0,168,169,0,2,16,16,16,18
7,8,16,16,29,31,0,0,170,171,0,2,16,16,16,19
204,188,188,188,206,188,188,188,188,188,188,204,188,188,188,206
203,189,189,189,205,189,189,189,189,189,189,203,189,189,189,205
203,189,189,189,205,189,189,189,189,189,189,203,189,189,189,205
203,189,189,189,205,189,189,189,189,189,189,203,189,189,189,205
203,189,189,189,205,189,189,189,189,189,189,203,189,189,189,205
204,188,188,188,206,188,188,188,188,188,188,204,188,188,188,206
3,16,16,16,18,176,177,160,161,0,4,5,16,16,16,17
2,16,16,16,17,166,167,182,183,0,6,16,16,16,27,28
1,16,16,16,17,168,169,169,185,4,5,16,16,16,26,0
10,11,16,16,22,170,171,186,187,6,16,16,16,27,28,0
0,12,16,16,21,20,0,0,4,5,16,16,16,26,0,0
0,10,11,16,16,22,0,0,6,16,137,130,27,28,160,161
0,0,12,16,16,21,20,4,5,16,134,136,26,0,182,183
176,177,10,11,16,16,22,6,16,16,16,27,28,160,161,185
166,167,0,12,16,16,21,5,16,16,16,26,0,182,183,187
168,169,0,10,11,16,16,16,16,16,27,28,0,169,185,0
170,171,0,0,12,16,16,16,16,16,26,0,0,186,187,0
90,91,91,90,100,16,16,16,16,16,102,90,91,91,91,91
90,90,90,90,100,16,16,16,16,16,102,91,90,91,91,90
150,150,150,150,100,16,16,16,16,16,102,150,150,150,150,150
151,151,151,151,151,144,16,16,16,147,151,151,151,151,151,151
138,132,132,138,132,145,16,16,16,148,138,132,132,132,132,138
132,132,132,132,132,145,16,16,16,148,132,132,138,132,132,132
132,132,138,132,132,145,16,16,16,148,132,132,132,132,132,132
132,132,132,132,138,145,137,129,130,148,138,132,132,132,138,132
152,152,152,152,152,146,134,135,139,149,152,152,152,152,152,152
153,153,153,153,100,16,35,33,36,16,102,153,153,153,153,153
90,91,91,90,100,16,16,16,16,16,102,90,91,91,91,91
90,90,90,90,100,16,16,16,16,16,102,91,90,91,91,90
90,91,90,90,100,16,16,16,16,16,101,91,90,91,90,91
91,90,91,90,99,16,16,16,16,16,101,91,91,90,91,91
90,90,90,91,99,16,16,16,16,16,101,90,91,90,90,91
91,91,90,90,100,16,16,16,16,16,102,91,91,90,91,91
90,90,91,90,99,195,196,197,198,16,101,91,91,90,91,91
90,90,90,90,99,199,200,201,202,16,102,91,90,91,91,91
91,90,90,91,100,16,16,16,16,16,102,91,90,91,91,91
90,90,90,90,99,16,16,16,16,16,101,91,91,90,91,90
90,91,90,90,100,16,16,16,16,16,101,91,90,91,90,91
90,91,91,90,100,16,16,16,16,16,102,90,91,91,91,91
90,90,90,90,100,16,16,16,16,16,102,91,90,91,91,90
90,91,90,90,100,137,129,130,16,16,101,91,90,91,90,91
91,90,91,90,99,134,135,139,16,16,101,91,91,90,91,91
90,90,90,91,99,35,33,36,16,16,101,90,91,90,90,91
91,91,90,90,100,16,16,16,16,16,102,91,91,90,91,91
90,90,91,90,99,16,16,16,16,16,101,91,91,90,91,91
90,90,90,90,99,16,16,16,16,16,102,91,90,91,91,91
91,90,90,91,100,16,16,16,16,16,102,91,90,91,91,91
90,90,90,90,99,16,16,16,16,16,101,91,91,90,91,90
90,91,90,90,100,16,16,16,16,16,101,91,90,91,90,91
91,90,91,90,99,16,16,16,16,16,101,91,91,90,91,91
90,90,90,91,99,16,16,16,16,16,101,90,91,90,90,91
90,91,90,90,100,137,129,130,16,16,101,91,90,91,90,91
91,90,91,90,99,134,135,139,16,16,101,91,91,90,91,91
90,90,90,91,99,16,16,16,16,16,101,90,91,90,90,91
91,91,90,90,100,16,16,16,16,16,102,91,91,90,91,91
90,90,91,90,99,16,16,16,16,16,101,91,91,90,91,91
90,90,90,90,99,16,16,16,16,16,102,91,90,91,91,91
91,90,90,91,100,16,16,16,16,16,102,91,90,91,91,91
90,90,90,90,99,16,16,16,16,16,101,91,91,90,91,90
90,90,90,91,99,16,195,196,197,198,101,90,91,90,90,91
91,91,90,90,100,16,199,200,201,202,102,91,91,90,91,91
90,90,91,90,99,16,16,137,129,130,101,91,91,90,91,91
90,90,90,90,99,16,16,134,135,139,102,91,90,91,91,91
91,90,90,91,100,16,16,35,33,36,102,91,90,91,91,91
90,90,90,90,99,16,16,16,16,16,101,91,91,90,91,90
90,91,90,90,100,16,16,16,16,16,101,91,90,91,90,91
91,90,91,90,99,16,16,16,16,16,101,91,91,90,91,91
90,90,90,91,99,16,16,16,16,16,101,90,91,90,90,91
91,91,90,90,100,16,16,16,16,16,102,91,91,90,91,91
90,90,91,90,99,16,16,16,16,16,101,91,91,90,91,91
90,90,90,90,99,16,16,16,16,16,102,91,90,91,91,91
91,90,90,91,100,16,16,16,16,16,102,91,90,91,91,91
90,90,90,90,99,16,137,129,130,16,101,91,91,90,91,90
90,90,90,90,100,16,134,135,139,16,102,91,90,91,91,90
90,91,90,90,100,16,16,16,16,16,101,91,90,91,90,91
91,90,91,90,99,16,16,16,16,16,101,91,91,90,91,91
90,90,90,91,99,16,16,16,16,16,101,90,91,90,90,91
91,91,90,90,100,16,16,16,16,16,102,91,91,90,91,91
90,90,91,90,99,16,16,16,16,16,101,91,91,90,91,91
90,90,90,90,99,16,16,16,16,16,102,91,90,91,91,91
91,90,90,91,100,16,16,16,16,16,102,91,90,91,91,91
90,91,91,90,100,137,129,130,16,16,102,90,91,91,91,91
90,90,90,90,100,134,135,139,16,16,102,91,90,91,91,90
90,91,90,90,100,35,33,36,16,16,101,91,90,91,90,91
91,90,91,90,99,16,16,16,16,16,101,91,91,90,91,91
90,90,90,91,99,16,16,16,16,16,101,90,91,90,90,91
91,91,90,90,100,16,16,16,16,16,102,91,91,90,91,91
90,90,91,90,99,16,16,16,16,16,101,91,91,90,91,91
90,90,90,90,99,16,16,16,16,16,102,91,90,91,91,91
91,90,90,91,100,16,16,16,16,16,102,91,90,91,91,91
90,90,90,90,99,16,16,137,129,130,101,91,91,90,91,90
90,91,90,90,100,16,16,134,135,139,101,91,90,91,90,91
91,90,91,90,99,16,16,16,16,16,101,91,91,90,91,91
90,90,90,91,99,16,16,16,16,16,101,90,91,90,90,91
91,91,90,90,100,16,16,16,16,16,102,91,91,90,91,91
90,90,91,90,99,195,196,197,198,16,101,91,91,90,91,91
90,90,90,90,99,199,200,201,202,16,102,91,90,91,91,91
91,90,90,91,100,16,16,16,16,16,102,91,90,91,91,91
90,90,90,90,99,16,16,16,16,16,101,91,91,90,91,90
150,150,150,150,100,16,16,16,16,16,102,150,150,150,150,150
151,151,151,151,151,144,16,16,16,147,151,151,151,151,151,151
138,132,132,138,132,145,16,16,16,148,138,132,132,132,132,138
132,132,132,132,132,145,16,16,16,148,132,132,138,132,132,132
132,132,138,132,132,145,16,16,16,148,132,132,132,132,132,132
132,132,132,132,138,145,137,129,130,148,138,132,132,132,138,132
152,152,152,152,152,146,134,135,139,149,152,152,152,152,152,152
153,153,153,153,100,16,35,33,36,16,102,153,153,153,153,153
90,90,90,91,99,16,16,16,16,16,101,90,91,90,90,91
91,91,90,90,100,16,16,16,16,16,102,91,91,90,91,91
90,90,91,90,99,16,16,16,16,16,101,91,91,90,91,91
90,90,90,90,99,16,16,16,16,16,102,91,90,91,91,91
91,90,90,91,100,16,16,16,16,16,102,91,90,91,91,91
90,90,90,90,99,16,16,16,16,16,101,91,91,90,91,90
90,90,90,91,99,16,16,16,16,16,101,90,91,90,90,91
91,91,90,90,100,16,16,16,16,16,102,91,91,90,91,91
90,90,91,90,99,16,16,16,16,16,101,91,91,90,91,91
90,90,90,90,99,16,16,16,16,16,102,91,90,91,91,91
91,90,90,91,100,16,16,16,16,16,102,91,90,91,91,91
90,90,90,90,99,192,193,194,16,16,101,91,91,90,91,90
91,90,91,90,99,16,16,137,129,130,101,91,91,90,91,91
90,90,90,91,99,16,16,134,135,139,101,90,91,90,90,91
90,91,91,90,100,16,16,35,33,36,102,90,91,91,91,91
90,90,90,90,100,16,16,16,16,16,102,91,90,91,91,90
90,91,90,90,100,16,16,16,16,16,101,91,90,91,90,91
91,90,91,90,99,16,16,16,16,16,101,91,91,90,91,91
90,90,90,91,99,16,16,16,16,16,101,90,91,90,90,91
91,91,90,90,100,16,16,16,16,16,102,91,91,90,91,91
90,90,91,90,99,16,16,16,16,16,101,91,91,90,91,91
90,90,90,90,99,16,16,16,16,16,102,91,90,91,91,91
91,90,90,91,100,16,16,16,16,16,102,91,90,91,91,91
90,90,90,90,99,16,16,16,16,16,101,91,91,90,91,90
90,90,90,91,99,16,16,16,16,16,101,90,91,90,90,91
91,91,90,90,100,16,16,16,16,16,102,91,91,90,91,91
90,90,91,90,99,16,137,129,130,16,101,91,91,90,91,91
90,90,90,90,99,16,134,135,139,16,102,91,90,91,91,91
91,90,90,91,100,16,16,16,16,16,102,91,90,91,91,91
90,90,90,90,99,16,16,16,16,16,101,91,91,90,91,90
90,91,90,90,100,192,193,194,16,16,101,91,90,91,90,91
91,90,91,90,99,16,16,16,16,16,101,91,91,90,91,91
90,91,91,90,100,16,16,16,16,16,102,90,91,91,91,91
90,90,90,90,100,16,16,16,16,16,102,91,90,91,91,90
90,91,90,90,100,16,16,16,16,16,101,91,90,91,90,91
91,90,91,90,99,16,16,16,16,16,101,91,91,90,91,91
90,90,90,91,99,16,16,16,16,16,101,90,91,90,90,91
91,91,90,90,100,16,16,16,16,16,102,91,91,90,91,91
90,90,91,90,99,16,16,16,16,16,101,91,91,90,91,91
90,90,90,90,99,16,16,137,129,130,102,91,90,91,91,91
91,90,90,91,100,16,16,134,135,139,102,91,90,91,91,91
90,90,90,90,99,16,16,35,33,36,101,91,91,90,91,90
91,90,91,90,99,16,16,16,16,16,101,91,91,90,91,91
90,90,90,91,99,16,16,16,16,16,101,90,91,90,90,91
91,91,90,90,100,16,16,16,16,16,102,91,91,90,91,91
90,91,91,90,100,16,16,16,16,16,102,90,91,91,91,91
150,150,150,150,100,16,16,16,16,16,102,150,150,150,150,150
151,151,151,151,151,144,16,16,16,147,151,151,151,151,151,151
138,132,132,138,132,145,16,16,16,148,138,132,132,132,132,138
132,132,132,132,132,145,16,16,16,148,132,132,138,132,132,132
132,132,138,132,132,145,16,16,16,148,132,132,132,132,132,132
132,132,132,132,138,145,128,129,130,148,138,132,132,132,138,132
152,152,152,152,152,146,131,138,133,149,152,152,152,152,152,152
153,153,153,153,100,16,134,135,136,16,102,153,153,153,153,153
90,90,90,90,99,16,35,33,36,16,101,91,91,90,91,90
91,91,90,90,100,16,16,16,16,16,102,91,91,90,91,91
90,90,91,90,99,16,16,16,16,16,101,91,91,90,91,91
90,90,90,90,99,16,16,16,16,16,102,91,90,91,91,91
91,90,90,91,100,16,16,16,16,16,102,91,90,91,91,91
90,90,90,90,99,16,16,16,16,16,101,91,91,90,91,90
90,91,91,90,1,16,16,16,16,16,17,0,0,0,0,0
208,0,63,0,83,84,16,16,16,16,18,62,0,0,0,56
223,208,0,54,85,86,16,192,193,194,19,0,54,0,0,57
222,209,208,55,87,88,16,16,16,16,18,63,55,0,0,0
0,63,212,213,2,16,76,77,78,16,17,0,0,0,62,0
0,0,214,221,210,16,32,33,34,158,159,0,56,0,0,54
56,62,214,0,211,216,16,16,16,156,157,0,57,0,0,55
57,0,234,0,2,221,216,16,16,154,155,0,0,158,159,0
0,0,56,62,3,16,223,216,16,16,17,0,54,156,157,0
54,0,57,0,2,16,222,215,216,16,17,0,55,154,155,0
55,0,0,54,1,16,16,16,221,216,18,0,0,0,0,56
0,0,0,55,2,16,16,16,16,223,217,0,56,62,0,57
83,84,62,0,83,84,16,16,16,222,218,208,57,0,0,0
85,86,0,56,85,86,16,16,16,16,18,212,213,62,0,54
87,88,0,57,87,88,16,16,16,16,17,214,221,208,0,55
0,0,0,0,2,16,16,16,16,30,31,214,0,209,208,0
0,0,63,0,3,16,16,16,158,159,0,234,0,63,221,208
56,0,0,54,1,16,16,16,156,157,0,0,57,0,0,223
57,0,0,55,2,16,16,16,154,155,158,159,0,0,0,222
0,0,54,0,83,84,16,16,16,19,156,157,0,0,0,0
0,0,55,0,85,86,16,16,158,159,154,155,54,62,0,0
0,0,0,56,87,88,16,16,156,157,0,0,55,0,56,0
0,0,0,57,3,16,16,16,154,155,62,0,0,0,57,0
0,0,83,84,3,16,16,16,16,18,0,0,56,0,0,0
0,0,85,86,1,35,33,36,158,159,0,0,57,0,0,54
0,0,87,88,2,16,16,16,156,157,0,56,158,159,0,55
0,0,0,0,83,84,16,16,154,155,0,57,156,157,0,0
54,0,0,56,85,86,16,16,16,17,62,0,154,155,0,0
55,0,0,57,87,88,16,16,16,19,0,54,0,0,56,0
0,83,84,0,3,16,16,16,16,19,56,55,0,0,57,0
0,85,86,0,2,16,16,16,16,17,57,0,62,0,0,0
0,87,88,54,3,16,16,16,16,18,0,63,0,56,0,54
0,0,0,55,13,14,16,16,16,25,23,0,56,57,0,55
0,62,0,0,56,13,15,16,16,16,24,23,57,0,158,159
0,0,56,0,57,0,13,14,16,16,16,25,23,0,156,157
83,84,57,63,0,83,84,13,15,16,16,16,24,23,154,155
85,86,0,54,0,85,86,0,13,14,16,16,16,25,23,0
87,88,0,55,0,87,88,54,0,13,15,16,16,16,24,23
0,0,62,0,0,0,0,55,0,0,3,16,16,16,16,18
0,56,0,0,0,83,84,0,0,56,1,16,16,16,158,159
0,57,0,0,0,85,86,0,62,57,83,84,16,16,156,157
54,62,0,0,0,87,88,0,56,0,85,86,16,16,154,155
55,0,0,0,0,0,0,54,57,0,87,88,16,16,16,17
0,0,83,84,0,0,0,55,0,0,2,16,16,16,158,159
0,0,85,86,54,0,0,0,83,84,3,16,16,16,156,157
0,0,87,88,55,62,0,0,85,86,2,16,16,16,154,155
83,84,0,0,0,0,63,0,87,88,3,39,53,40,16,18
85,86,0,63,56,0,0,56,0,0,1,38,16,41,42,19
87,88,0,0,57,83,84,57,56,0,2,16,16,16,16,19
0,0,0,0,0,85,86,0,57,7,8,16,16,16,30,31
0,0,0,83,84,87,88,0,7,9,16,16,16,29,31,0
0,56,0,85,86,0,0,7,8,16,16,16,29,31,56,0
0,57,0,87,88,0,7,9,16,16,16,30,31,56,57,0
0,0,0,62,0,7,8,16,16,16,29,31,56,57,62,62
83,84,0,63,0,13,14,16,16,16,25,23,57,158,159,0
85,86,0,0,0,54,13,15,16,16,16,24,23,156,157,0
87,88,0,0,56,55,7,9,16,16,16,30,31,154,155,0
0,83,84,56,57,7,8,16,16,16,29,31,0,0,0,0
0,85,86,57,7,9,16,16,16,30,31,158,159,62,63,54
62,87,88,7,8,16,16,16,29,31,0,156,157,0,0,55
0,0,7,9,16,16,16,30,31,56,0,154,155,0,0,0
0,7,8,16,16,16,29,31,54,57,158,159,0,0,0,63
0,13,14,16,16,16,25,23,55,0,156,157,0,0,0,0
62,0,13,15,16,16,16,24,23,0,154,155,0,63,62,0
0,83,84,13,14,16,16,16,25,23,0,0,0,56,0,0
0,85,86,56,13,15,16,16,16,24,23,0,62,57,158,159
54,87,88,57,0,13,14,16,16,16,25,23,0,0,156,157
55,0,0,0,0,0,13,15,16,16,16,24,23,0,154,155
0,0,83,84,63,54,0,3,16,16,16,158,159,0,54,0
0,0,85,86,0,55,0,1,16,16,16,156,157,0,55,0
56,0,87,88,0,0,0,2,16,16,16,154,155,56,0,0
57,54,0,0,83,84,0,83,84,16,16,16,19,57,0,54
0,55,0,0,85,86,0,85,86,16,16,16,17,0,0,55
0,0,0,0,87,88,0,87,88,16,16,16,19,0,0,0
0,0,0,83,84,62,0,3,16,16,16,158,159,0,54,0
0,0,0,85,86,0,54,2,16,16,16,156,157,0,55,0
62,0,0,87,88,0,55,3,16,16,16,154,155,158,159,0
0,0,0,0,83,84,0,1,39,53,40,16,19,156,157,0
83,84,56,0,85,86,0,2,38,16,41,42,19,154,155,0
85,86,57,0,87,88,7,9,16,16,16,30,31,62,0,62
87,88,0,0,0,7,8,16,16,16,29,31,0,0,54,56
54,0,54,0,7,9,16,16,16,30,31,0,158,159,55,57
55,0,55,7,8,16,16,16,29,31,56,0,156,157,0,0
0,0,7,9,16,16,16,30,31,56,57,63,154,155,0,0
56,7,8,16,16,16,29,31,0,57,0,0,0,0,0,56
57,3,16,16,16,16,18,158,159,0,158,159,62,0,0,57
0,83,84,16,16,16,19,156,157,62,156,157,0,0,0,54
0,85,86,16,16,16,19,154,155,0,154,155,0,158,159,55
56,87,88,16,16,158,159,0,0,0,0,0,56,156,157,0
57,2,16,16,16,156,157,0,158,159,0,0,57,154,155,0
0,2,16,16,16,154,155,0,156,157,0,0,0,62,0,0
0,83,84,16,16,16,19,62,154,155,0,0,0,0,158,159
0,85,86,16,16,16,17,0,0,0,0,0,0,0,156,157
0,87,88,35,33,36,18,56,0,0,54,0,0,63,154,155
54,1,16,16,16,16,19,57,158,159,55,0,0,62,0,56
55,2,16,16,16,16,19,0,156,157,0,0,0,0,0,57
0,13,14,16,16,16,25,23,154,155,54,0,0,0,0,0
54,0,13,15,16,16,16,24,23,62,55,0,0,0,0,0
55,0,0,13,14,16,16,16,25,23,0,158,159,0,0,0
0,83,84,56,13,15,16,16,16,24,23,156,157,0,0,0
0,85,86,57,7,9,16,16,16,30,31,154,155,0,54,62
0,87,88,7,8,16,16,16,29,31,54,0,0,0,55,0
54,0,7,9,16,16,16,30,31,0,55,0,63,62,0,0
55,7,8,16,16,16,29,31,0,158,159,63,56,0,158,159
0,3,16,16,16,16,18,0,56,156,157,0,57,0,156,157
0,1,16,16,16,158,159,0,57,154,155,0,0,0,154,155
54,2,16,16,16,156,157,0,0,0,0,0,0,62,0,54
55,3,16,16,16,154,155,54,0,158,159,0,0,0,0,55
0,83,84,16,16,16,17,55,0,156,157,0,0,0,0,0
0,85,86,16,16,16,19,0,56,154,155,0,54,0,0,0
0,87,88,16,16,16,19,63,57,56,0,0,55,0,0,0
56,2,16,16,16,16,17,0,56,57,0,0,0,0,0,0
57,3,16,16,16,16,18,56,57,0,63,0,0,0,0,0
0,1,16,32,33,34,19,57,0,0,0,158,159,0,158,159
0,2,16,16,16,16,19,0,0,158,159,156,157,0,156,157
56,1,16,16,16,16,19,54,0,156,157,154,155,0,154,155
57,2,16,16,16,16,19,55,0,154,155,0,0,0,0,0
0,13,14,16,16,16,25,23,0,0,62,0,0,0,0,0
83,84,13,15,16,16,16,24,23,56,0,54,158,159,0,0
85,86,0,13,14,16,16,16,25,23,0,55,156,157,0,0
87,88,0,54,13,15,16,16,16,24,23,0,154,155,0,63
212,213,63,55,56,13,14,16,16,16,25,23,0,0,56,0
214,221,208,0,57,0,13,15,16,16,16,24,23,0,57,0
214,16,221,208,63,0,62,1,16,16,16,158,159,0,0,54
234,16,63,223,208,0,56,2,16,16,16,156,157,0,0,55
0,0,0,222,221,208,57,2,16,16,16,154,155,56,0,0
0,63,0,0,0,212,213,1,16,16,16,16,18,57,63,0
54,0,0,0,62,214,221,210,16,16,16,158,159,0,0,0
55,63,0,56,63,214,0,211,216,16,16,156,157,54,63,0
0,0,0,57,0,234,56,1,215,216,16,154,155,55,0,0
0,0,0,0,62,0,55,1,16,221,216,16,19,0,0,0
0,63,0,83,84,0,0,2,16,16,223,216,18,54,0,0
0,56,0,85,86,0,62,1,16,16,222,215,217,0,54,0
0,57,0,87,88,54,0,2,16,16,16,16,218,208,55,0
0,0,0,63,0,55,0,83,84,16,16,16,17,212,213,0
0,0,0,0,56,63,0,85,86,16,16,16,19,214,221,208
0,0,54,0,57,0,0,87,88,16,16,16,18,214,0,221
0,0,55,0,62,0,56,3,16,16,16,16,18,234,0,0
54,0,56,0,0,0,57,1,16,16,16,158,159,0,0,0
55,0,57,0,83,84,62,2,16,16,16,156,157,0,0,0
0,0,0,0,85,86,0,3,16,16,16,154,155,63,62,56
0,62,0,62,87,88,56,1,16,16,16,16,19,0,0,57
0,0,56,54,63,0,57,2,16,16,16,16,19,0,0,0
0,0,57,55,62,0,54,3,16,16,16,16,19,0,54,0
0,83,84,0,0,0,55,2,16,16,16,158,159,56,55,63
0,85,86,0,0,83,84,2,16,16,16,156,157,57,0,0
0,87,88,56,62,85,86,3,16,16,16,154,155,0,0,0
0,0,0,57,0,87,88,2,35,33,36,16,17,0,158,159
0,56,0,0,63,0,0,3,16,16,16,16,18,56,156,157
0,57,63,62,0,0,0,1,16,16,16,16,19,57,154,155
0,0,0,0,54,83,84,2,16,16,16,16,19,0,0,0
0,62,0,56,55,85,86,3,16,16,16,158,159,0,158,159
0,0,0,57,0,87,88,2,16,16,16,156,157,0,156,157
0,0,0,0,0,63,0,3,16,16,16,154,155,0,154,155
0,0,0,54,0,0,54,1,16,16,16,16,19,0,0,0
0,56,0,55,0,54,0,2,16,16,16,16,19,158,159,0
0,57,0,0,56,55,7,9,16,16,16,29,31,156,157,62
0,0,0,0,57,7,9,16,16,16,30,31,56,154,155,0
83,84,0,63,7,8,16,16,16,29,31,0,57,0,0,0
85,86,0,7,9,16,16,16,30,31,0,158,159,0,0,0
87,88,7,8,16,16,16,29,31,0,56,156,157,0,158,159
0,7,9,16,16,16,30,31,54,0,57,154,155,0,156,157
7,8,16,16,16,29,31,0,55,0,55,0,0,0,154,155
1,16,16,16,16,17,54,0,57,63,0,0,0,0,0,0
83,84,16,16,16,18,55,62,0,0,0,0,0,0,0,0
85,86,16,16,16,19,0,0,0,54,0,0,0,0,0,0
87,88,16,16,16,19,158,159,0,55,0,0,0,0,0,0
3,16,16,16,16,19,156,157,0,0,0,0,0,0,0,0
2,16,16,16,158,159,154,155,0,158,159,0,0,0,56,0
83,84,16,16,156,157,63,0,0,156,157,0,0,62,57,0
85,86,16,16,154,155,0,54,0,154,155,0,63,0,0,0
87,88,16,16,16,17,0,55,0,0,0,56,0,158,159,0
3,16,16,16,16,18,158,159,56,0,63,57,0,156,157,0
1,16,39,53,40,19,156,157,57,0,0,0,0,154,155,0
2,37,38,16,41,19,154,155,0,158,159,0,54,0,56,0
3,16,16,16,16,19,0,0,0,156,157,0,55,0,57,0
2,16,16,16,16,17,0,56,62,154,155,0,56,54,0,0
13,14,16,16,16,25,23,57,0,63,0,0,57,55,0,63
0,13,14,16,16,16,25,23,0,0,0,0,0,0,0,0
56,62,13,15,16,16,16,24,23,0,54,0,0,0,54,56
57,0,56,13,14,16,16,16,24,23,0,62,54,0,55,57
0,0,57,54,13,15,16,16,16,25,23,0,55,0,0,63
54,0,0,55,0,13,14,16,16,16,24,23,0,0,0,0
55,0,0,0,54,0,13,15,16,16,16,17,54,0,0,0
0,0,54,0,55,0,0,1,16,16,16,18,55,0,0,0
0,0,55,0,0,0,0,83,84,16,158,159,0,0,0,0
0,0,83,84,0,63,0,85,86,16,156,157,54,63,158,159
0,0,85,86,54,0,62,87,88,16,154,155,55,0,156,157
0,0,87,88,55,0,0,1,16,16,16,17,0,0,154,155
0,0,0,0,0,0,56,2,16,16,16,19,56,0,0,62
0,0,0,0,83,84,57,2,16,16,16,17,57,0,0,0
0,56,0,0,85,86,0,1,16,16,16,18,0,63,0,54
0,57,0,0,87,88,0,2,16,16,158,159,62,0,0,55
0,0,0,56,0,0,62,3,16,16,156,157,0,0,56,0
0,0,0,57,0,0,0,83,84,16,154,155,0,0,57,0
0,0,54,0,62,0,63,85,86,16,16,19,56,0,0,0
0,0,55,83,84,0,0,87,88,16,16,18,57,0,0,0
0,56,0,85,86,0,54,1,16,16,16,17,158,159,56,0
0,57,0,87,88,0,55,2,16,16,16,17,156,157,57,0
0,0,0,0,0,56,0,3,16,16,16,19,154,155,0,0
54,0,0,0,0,57,0,2,16,16,16,18,63,0,54,0
55,0,83,84,62,0,0,83,84,16,16,17,62,0,55,0
0,0,85,86,0,54,0,85,86,16,16,19,0,56,0,0
0,0,87,88,0,55,0,87,88,16,16,18,54,57,0,0
0,0,83,84,0,56,0,2,35,33,36,17,55,158,159,0
0,0,85,86,0,57,63,3,16,16,16,19,0,156,157,0
0,54,87,88,0,0,0,1,16,16,16,17,63,154,155,0
0,55,0,0,83,84,62,2,16,16,158,159,0,0,0,62
0,0,0,0,85,86,0,2,16,16,156,157,0,56,0,0
0,0,0,0,87,88,0,1,16,16,154,155,0,57,63,0
0,0,0,0,62,0,63,2,16,16,16,17,0,0,0,0
0,62,0,0,0,54,0,83,84,16,16,19,0,62,54,0
0,0,62,0,0,55,0,85,86,16,16,18,56,0,55,0
0,56,0,62,54,0,0,87,88,16,16,17,57,0,0,0
0,57,0,0,55,62,63,2,16,16,158,159,0,0,0,54
0,0,0,0,0,83,84,3,16,16,156,157,0,54,0,55
0,0,56,62,0,85,86,2,16,16,154,155,56,55,0,0
0,0,57,0,0,87,88,1,16,16,16,17,57,0,0,54
0,0,0,0,54,0,62,240,58,59,60,248,0,89,0,55
0,0,0,0,55,0,0,241,16,16,16,249,98,106,112,113
0,54,0,0,0,56,54,242,79,79,79,250,98,106,117,118
0,55,0,0,54,57,55,2,16,16,16,17,98,109,122,123
0,0,0,0,55,0,0,3,16,16,16,19,0,0,103,104
